<metadata xml:lang="en"><Esri><CreaDate>20151101</CreaDate><CreaTime>11172500</CreaTime><ArcGISFormat>1.0</ArcGISFormat><ArcGISstyle>ISO 19139 Metadata Implementation Specification</ArcGISstyle><SyncOnce>TRUE</SyncOnce><ModDate>20151209</ModDate><ModTime>11202500</ModTime><scaleRange><minScale>150000000</minScale><maxScale>5000</maxScale></scaleRange><ArcGISProfile>ItemDescription</ArcGISProfile></Esri><tool name="Sentinel2" displayname="Sentinel2" toolboxalias="" xmlns=""><arcToolboxHelpPath>c:\program files (x86)\arcgis\desktop10.4\Help\gp</arcToolboxHelpPath><parameters><param name="in_worksapce" displayname="Output Geodatabase" type="Required" direction="Input" datatype="Data Element" expression="in_worksapce"><dialogReference>&lt;DIV STYLE="text-align:Left;"&gt;&lt;DIV&gt;&lt;DIV&gt;&lt;P STYLE="margin:0 0 11 0;"&gt;&lt;SPAN&gt;Select an Output Geodatabase location.&lt;/SPAN&gt;&lt;/P&gt;&lt;P&gt;&lt;SPAN /&gt;&lt;/P&gt;&lt;/DIV&gt;&lt;/DIV&gt;&lt;/DIV&gt;</dialogReference></param><param name="in_mosaicdataset_name" displayname="Mosaic Dataset Name" type="Required" direction="Input" datatype="String" expression="in_mosaicdataset_name"><dialogReference>&lt;DIV STYLE="text-align:Left;"&gt;&lt;DIV&gt;&lt;DIV&gt;&lt;P STYLE="margin:0 0 11 0;"&gt;&lt;SPAN&gt;Enter the name of the output mosaic dataset. The output mosaic dataset is created in the file geodatabase specified in 'Output Geodatabase'.&lt;/SPAN&gt;&lt;/P&gt;&lt;/DIV&gt;&lt;/DIV&gt;&lt;/DIV&gt;</dialogReference></param><param name="input_path" displayname="Input Source Data" type="Required" direction="Input" datatype="Multiple Value" expression="input_path;input_path..."><dialogReference>&lt;DIV STYLE="text-align:Left;"&gt;&lt;DIV&gt;&lt;DIV&gt;&lt;P STYLE="margin:7 0 7 0;"&gt;&lt;SPAN&gt;&lt;SPAN&gt;Path to the Folder where Sentinel2data is located.&lt;/SPAN&gt;&lt;/SPAN&gt;&lt;/P&gt;&lt;P&gt;&lt;SPAN /&gt;&lt;/P&gt;&lt;/DIV&gt;&lt;/DIV&gt;&lt;/DIV&gt;</dialogReference></param><param name="DOBO" displayname="Define and Build Overview" type="Optional" direction="Input" datatype="Boolean" expression="{DOBO}"><dialogReference>&lt;DIV STYLE="text-align:Left;"&gt;&lt;DIV&gt;&lt;P&gt;&lt;SPAN&gt;Check to create and build overviews.&lt;/SPAN&gt;&lt;/P&gt;&lt;/DIV&gt;&lt;/DIV&gt;</dialogReference></param></parameters><summary>&lt;DIV STYLE="text-align:Left;"&gt;&lt;DIV&gt;&lt;DIV&gt;&lt;P STYLE="margin:7 0 7 0;"&gt;&lt;SPAN&gt;This tool is used to Build mosaic dataset from Sentinel2 imagery.&lt;/SPAN&gt;&lt;/P&gt;&lt;P&gt;&lt;SPAN /&gt;&lt;/P&gt;&lt;/DIV&gt;&lt;/DIV&gt;&lt;/DIV&gt;</summary></tool><dataIdInfo><idCitation><resTitle>Sentinel2</resTitle></idCitation><idAbs>&lt;DIV STYLE="text-align:Left;"&gt;&lt;DIV&gt;&lt;DIV&gt;&lt;P STYLE="margin:7 0 7 0;"&gt;&lt;SPAN&gt;This tool is used to Build mosaic dataset from Sentinel2 imagery.&lt;/SPAN&gt;&lt;/P&gt;&lt;P&gt;&lt;SPAN /&gt;&lt;/P&gt;&lt;/DIV&gt;&lt;/DIV&gt;&lt;/DIV&gt;</idAbs></dataIdInfo><distInfo><distributor><distorFormat><formatName>ArcToolbox Tool</formatName></distorFormat></distributor></distInfo><mdHrLv><ScopeCd value="005"/></mdHrLv></metadata>
