<RasterFunctionTemplate xsi:type='typens:RasterFunctionTemplate' xmlns:xsi='http://www.w3.org/2001/XMLSchema-instance' xmlns:xs='http://www.w3.org/2001/XMLSchema' xmlns:typens='http://www.esri.com/schemas/ArcGIS/10.4'>
	<Name>NDVI Colorized</Name>
	<Description>Normalized difference vegetation index (NDVI) with color map. Dark green is thick vigorous vegetation and brown represents sparse vegetation.</Description>
	<Function xsi:type='typens:ColormapFunction'>
		<Name>Colormap Function</Name>
		<Description>Transforms the pixel values to display the raster data as either a grayscale or a red, green, blue (RGB) image, based on a color map or a color ramp.</Description>
		<PixelType>U8</PixelType>
	</Function>
	<Arguments xsi:type='typens:ColormapFunctionArguments'>
		<Names xsi:type='typens:ArrayOfString'>
			<String>Raster</String>
			<String>Colormap</String>
			<String>ColormapFile</String>
		</Names>
		<Values xsi:type='typens:ArrayOfAnyType'>
			<AnyType xsi:type='typens:RasterFunctionVariable'>
				<Name>Raster_2016225_132646_403</Name>
				<Description/>
				<Value xsi:type='typens:RasterFunctionTemplate'>
					<Name>Raster Function Template</Name>
					<Description>A raster function template.</Description>
					<Function xsi:type='typens:NDVIFunction'>
						<Name>NDVI Function</Name>
						<Description>Calculates the Normalized Vegetation Differential Index (NDVI) values using a two-band raster consisting of the Red and near infrared bands.</Description>
						<PixelType>UNKNOWN</PixelType>
					</Function>
					<Arguments xsi:type='typens:NDVIFunctionArguments'>
						<Names xsi:type='typens:ArrayOfString'>
							<String>Raster</String>
							<String>VisibleBandID</String>
							<String>InfraredBandID</String>
							<String>__Properties</String>
						</Names>
						<Values xsi:type='typens:ArrayOfAnyType'>
							<AnyType xsi:type='typens:RasterFunctionVariable'>
								<Name>Raster</Name>
								<Description/>
								<Value/>
								<IsDataset>true</IsDataset>
							</AnyType>
							<AnyType xsi:type='typens:RasterFunctionVariable'>
								<Name>VisibleBandID_2016225_13265_733</Name>
								<Description/>
								<Value xsi:type='xs:int'>3</Value>
								<IsDataset>false</IsDataset>
							</AnyType>
							<AnyType xsi:type='typens:RasterFunctionVariable'>
								<Name>InfraredBandID_2016225_13265_733</Name>
								<Description/>
								<Value xsi:type='xs:int'>7</Value>
								<IsDataset>false</IsDataset>
							</AnyType>
							<AnyType xsi:type='typens:PropertySet'>
								<PropertyArray xsi:type='typens:ArrayOfPropertySetProperty'/>
							</AnyType>
						</Values>
					</Arguments>
					<Help/>
					<Type>0</Type>
					<Thumbnail/>
					<Definition/>
					<Group/>
					<Tag/>
					<ThumbnailEx/>
				</Value>
				<IsDataset>true</IsDataset>
			</AnyType>
			<AnyType xsi:type='typens:RasterFunctionVariable'>
				<Name>Colormap_2016225_132657_ 96</Name>
				<Description/>
				<Value xsi:type='typens:RasterColormap'>
					<ColormapSize>256</ColormapSize>
					<Values xsi:type='typens:ArrayOfInt'>
						<Int>0</Int>
						<Int>1</Int>
						<Int>2</Int>
						<Int>3</Int>
						<Int>4</Int>
						<Int>5</Int>
						<Int>6</Int>
						<Int>7</Int>
						<Int>8</Int>
						<Int>9</Int>
						<Int>10</Int>
						<Int>11</Int>
						<Int>12</Int>
						<Int>13</Int>
						<Int>14</Int>
						<Int>15</Int>
						<Int>16</Int>
						<Int>17</Int>
						<Int>18</Int>
						<Int>19</Int>
						<Int>20</Int>
						<Int>21</Int>
						<Int>22</Int>
						<Int>23</Int>
						<Int>24</Int>
						<Int>25</Int>
						<Int>26</Int>
						<Int>27</Int>
						<Int>28</Int>
						<Int>29</Int>
						<Int>30</Int>
						<Int>31</Int>
						<Int>32</Int>
						<Int>33</Int>
						<Int>34</Int>
						<Int>35</Int>
						<Int>36</Int>
						<Int>37</Int>
						<Int>38</Int>
						<Int>39</Int>
						<Int>40</Int>
						<Int>41</Int>
						<Int>42</Int>
						<Int>43</Int>
						<Int>44</Int>
						<Int>45</Int>
						<Int>46</Int>
						<Int>47</Int>
						<Int>48</Int>
						<Int>49</Int>
						<Int>50</Int>
						<Int>51</Int>
						<Int>52</Int>
						<Int>53</Int>
						<Int>54</Int>
						<Int>55</Int>
						<Int>56</Int>
						<Int>57</Int>
						<Int>58</Int>
						<Int>59</Int>
						<Int>60</Int>
						<Int>61</Int>
						<Int>62</Int>
						<Int>63</Int>
						<Int>64</Int>
						<Int>65</Int>
						<Int>66</Int>
						<Int>67</Int>
						<Int>68</Int>
						<Int>69</Int>
						<Int>70</Int>
						<Int>71</Int>
						<Int>72</Int>
						<Int>73</Int>
						<Int>74</Int>
						<Int>75</Int>
						<Int>76</Int>
						<Int>77</Int>
						<Int>78</Int>
						<Int>79</Int>
						<Int>80</Int>
						<Int>81</Int>
						<Int>82</Int>
						<Int>83</Int>
						<Int>84</Int>
						<Int>85</Int>
						<Int>86</Int>
						<Int>87</Int>
						<Int>88</Int>
						<Int>89</Int>
						<Int>90</Int>
						<Int>91</Int>
						<Int>92</Int>
						<Int>93</Int>
						<Int>94</Int>
						<Int>95</Int>
						<Int>96</Int>
						<Int>97</Int>
						<Int>98</Int>
						<Int>99</Int>
						<Int>100</Int>
						<Int>101</Int>
						<Int>102</Int>
						<Int>103</Int>
						<Int>104</Int>
						<Int>105</Int>
						<Int>106</Int>
						<Int>107</Int>
						<Int>108</Int>
						<Int>109</Int>
						<Int>110</Int>
						<Int>111</Int>
						<Int>112</Int>
						<Int>113</Int>
						<Int>114</Int>
						<Int>115</Int>
						<Int>116</Int>
						<Int>117</Int>
						<Int>118</Int>
						<Int>119</Int>
						<Int>120</Int>
						<Int>121</Int>
						<Int>122</Int>
						<Int>123</Int>
						<Int>124</Int>
						<Int>125</Int>
						<Int>126</Int>
						<Int>127</Int>
						<Int>128</Int>
						<Int>129</Int>
						<Int>130</Int>
						<Int>131</Int>
						<Int>132</Int>
						<Int>133</Int>
						<Int>134</Int>
						<Int>135</Int>
						<Int>136</Int>
						<Int>137</Int>
						<Int>138</Int>
						<Int>139</Int>
						<Int>140</Int>
						<Int>141</Int>
						<Int>142</Int>
						<Int>143</Int>
						<Int>144</Int>
						<Int>145</Int>
						<Int>146</Int>
						<Int>147</Int>
						<Int>148</Int>
						<Int>149</Int>
						<Int>150</Int>
						<Int>151</Int>
						<Int>152</Int>
						<Int>153</Int>
						<Int>154</Int>
						<Int>155</Int>
						<Int>156</Int>
						<Int>157</Int>
						<Int>158</Int>
						<Int>159</Int>
						<Int>160</Int>
						<Int>161</Int>
						<Int>162</Int>
						<Int>163</Int>
						<Int>164</Int>
						<Int>165</Int>
						<Int>166</Int>
						<Int>167</Int>
						<Int>168</Int>
						<Int>169</Int>
						<Int>170</Int>
						<Int>171</Int>
						<Int>172</Int>
						<Int>173</Int>
						<Int>174</Int>
						<Int>175</Int>
						<Int>176</Int>
						<Int>177</Int>
						<Int>178</Int>
						<Int>179</Int>
						<Int>180</Int>
						<Int>181</Int>
						<Int>182</Int>
						<Int>183</Int>
						<Int>184</Int>
						<Int>185</Int>
						<Int>186</Int>
						<Int>187</Int>
						<Int>188</Int>
						<Int>189</Int>
						<Int>190</Int>
						<Int>191</Int>
						<Int>192</Int>
						<Int>193</Int>
						<Int>194</Int>
						<Int>195</Int>
						<Int>196</Int>
						<Int>197</Int>
						<Int>198</Int>
						<Int>199</Int>
						<Int>200</Int>
						<Int>201</Int>
						<Int>202</Int>
						<Int>203</Int>
						<Int>204</Int>
						<Int>205</Int>
						<Int>206</Int>
						<Int>207</Int>
						<Int>208</Int>
						<Int>209</Int>
						<Int>210</Int>
						<Int>211</Int>
						<Int>212</Int>
						<Int>213</Int>
						<Int>214</Int>
						<Int>215</Int>
						<Int>216</Int>
						<Int>217</Int>
						<Int>218</Int>
						<Int>219</Int>
						<Int>220</Int>
						<Int>221</Int>
						<Int>222</Int>
						<Int>223</Int>
						<Int>224</Int>
						<Int>225</Int>
						<Int>226</Int>
						<Int>227</Int>
						<Int>228</Int>
						<Int>229</Int>
						<Int>230</Int>
						<Int>231</Int>
						<Int>232</Int>
						<Int>233</Int>
						<Int>234</Int>
						<Int>235</Int>
						<Int>236</Int>
						<Int>237</Int>
						<Int>238</Int>
						<Int>239</Int>
						<Int>240</Int>
						<Int>241</Int>
						<Int>242</Int>
						<Int>243</Int>
						<Int>244</Int>
						<Int>245</Int>
						<Int>246</Int>
						<Int>247</Int>
						<Int>248</Int>
						<Int>249</Int>
						<Int>250</Int>
						<Int>251</Int>
						<Int>252</Int>
						<Int>253</Int>
						<Int>254</Int>
						<Int>255</Int>
					</Values>
					<Colors xsi:type='typens:ArrayOfInt'>
						<Int>-5954</Int>
						<Int>-5954</Int>
						<Int>-5954</Int>
						<Int>-5954</Int>
						<Int>-5954</Int>
						<Int>-5954</Int>
						<Int>-5954</Int>
						<Int>-5954</Int>
						<Int>-5954</Int>
						<Int>-5954</Int>
						<Int>-5954</Int>
						<Int>-5954</Int>
						<Int>-5954</Int>
						<Int>-5954</Int>
						<Int>-5954</Int>
						<Int>-5954</Int>
						<Int>-15113076</Int>
						<Int>-14981489</Int>
						<Int>-14849647</Int>
						<Int>-14718060</Int>
						<Int>-14718060</Int>
						<Int>-14586474</Int>
						<Int>-14520423</Int>
						<Int>-14388580</Int>
						<Int>-14388580</Int>
						<Int>-14256994</Int>
						<Int>-14125407</Int>
						<Int>-14125407</Int>
						<Int>-13993053</Int>
						<Int>-13927002</Int>
						<Int>-13795930</Int>
						<Int>-13795416</Int>
						<Int>-13598037</Int>
						<Int>-13531987</Int>
						<Int>-13466451</Int>
						<Int>-13400400</Int>
						<Int>-13203021</Int>
						<Int>-13203021</Int>
						<Int>-13071435</Int>
						<Int>-12940107</Int>
						<Int>-12742728</Int>
						<Int>-12677192</Int>
						<Int>-12479814</Int>
						<Int>-12348742</Int>
						<Int>-12151363</Int>
						<Int>-11953985</Int>
						<Int>-11822913</Int>
						<Int>-11756862</Int>
						<Int>-11625534</Int>
						<Int>-11428156</Int>
						<Int>-11231033</Int>
						<Int>-11099705</Int>
						<Int>-11033655</Int>
						<Int>-10902327</Int>
						<Int>-10704948</Int>
						<Int>-10573876</Int>
						<Int>-10376497</Int>
						<Int>-10245169</Int>
						<Int>-10179119</Int>
						<Int>-10047791</Int>
						<Int>-9785132</Int>
						<Int>-9587754</Int>
						<Int>-9587754</Int>
						<Int>-9324839</Int>
						<Int>-9193511</Int>
						<Int>-8996133</Int>
						<Int>-8799525</Int>
						<Int>-8733218</Int>
						<Int>-8602146</Int>
						<Int>-8339232</Int>
						<Int>-8207904</Int>
						<Int>-7944989</Int>
						<Int>-7878938</Int>
						<Int>-7682074</Int>
						<Int>-7550746</Int>
						<Int>-7419160</Int>
						<Int>-7287832</Int>
						<Int>-7156760</Int>
						<Int>-6959896</Int>
						<Int>-6762517</Int>
						<Int>-6565653</Int>
						<Int>-6434325</Int>
						<Int>-6434325</Int>
						<Int>-6171411</Int>
						<Int>-5974547</Int>
						<Int>-5974547</Int>
						<Int>-5711632</Int>
						<Int>-5580304</Int>
						<Int>-5383696</Int>
						<Int>-5252368</Int>
						<Int>-4989454</Int>
						<Int>-4792590</Int>
						<Int>-4792590</Int>
						<Int>-4661262</Int>
						<Int>-4398347</Int>
						<Int>-2040100</Int>
						<Int>-2040100</Int>
						<Int>-2040100</Int>
						<Int>-2040100</Int>
						<Int>-2040100</Int>
						<Int>-2040100</Int>
						<Int>-2040100</Int>
						<Int>-2040100</Int>
						<Int>-2040100</Int>
						<Int>-2040100</Int>
						<Int>-11241798</Int>
						<Int>-11241798</Int>
						<Int>-11241798</Int>
						<Int>-11241798</Int>
						<Int>-11241798</Int>
						<Int>-11241798</Int>
						<Int>-11241798</Int>
						<Int>-11241798</Int>
						<Int>-11241798</Int>
						<Int>-11241798</Int>
						<Int>-11241798</Int>
						<Int>-15357491</Int>
						<Int>-15357491</Int>
						<Int>-15357491</Int>
						<Int>-15357491</Int>
						<Int>-15357491</Int>
						<Int>-15357491</Int>
						<Int>-15357491</Int>
						<Int>-15357491</Int>
						<Int>-15357491</Int>
						<Int>-16515331</Int>
						<Int>-16515331</Int>
						<Int>-16515331</Int>
						<Int>-16515331</Int>
						<Int>-16515331</Int>
						<Int>-16716059</Int>
						<Int>-16716059</Int>
						<Int>-16716059</Int>
						<Int>-16716059</Int>
						<Int>-16716059</Int>
						<Int>-16719920</Int>
						<Int>-16719920</Int>
						<Int>-16719920</Int>
						<Int>-16719920</Int>
						<Int>-16719920</Int>
						<Int>-16724039</Int>
						<Int>-16724039</Int>
						<Int>-16724039</Int>
						<Int>-16724039</Int>
						<Int>-16724039</Int>
						<Int>-16727902</Int>
						<Int>-16727902</Int>
						<Int>-16727902</Int>
						<Int>-16727902</Int>
						<Int>-16727902</Int>
						<Int>-16732021</Int>
						<Int>-16732021</Int>
						<Int>-16732021</Int>
						<Int>-16732021</Int>
						<Int>-16732021</Int>
						<Int>-16736397</Int>
						<Int>-16736397</Int>
						<Int>-16736397</Int>
						<Int>-16736397</Int>
						<Int>-16736397</Int>
						<Int>-9466810</Int>
						<Int>-9466810</Int>
						<Int>-9466810</Int>
						<Int>-9466810</Int>
						<Int>-9466810</Int>
						<Int>-10321882</Int>
						<Int>-10321882</Int>
						<Int>-10321882</Int>
						<Int>-10321882</Int>
						<Int>-10321882</Int>
						<Int>-11377132</Int>
						<Int>-11377132</Int>
						<Int>-11377132</Int>
						<Int>-11377132</Int>
						<Int>-11377132</Int>
						<Int>-12169984</Int>
						<Int>-12169984</Int>
						<Int>-12169984</Int>
						<Int>-12169984</Int>
						<Int>-12169984</Int>
						<Int>-13815040</Int>
						<Int>-13815040</Int>
						<Int>-13815040</Int>
						<Int>-13815040</Int>
						<Int>-13815040</Int>
						<Int>-13815040</Int>
						<Int>-13815040</Int>
						<Int>-13815040</Int>
						<Int>-13815040</Int>
						<Int>-13815040</Int>
						<Int>-13815040</Int>
						<Int>-13815040</Int>
						<Int>-13815040</Int>
						<Int>-13815040</Int>
						<Int>-13815040</Int>
						<Int>-13815040</Int>
						<Int>-13815040</Int>
						<Int>-13815040</Int>
						<Int>-13815040</Int>
						<Int>-13815040</Int>
						<Int>-13815040</Int>
						<Int>-13815040</Int>
						<Int>-13815040</Int>
						<Int>-13815040</Int>
						<Int>-13815040</Int>
						<Int>-13815040</Int>
						<Int>-13815040</Int>
						<Int>-13815040</Int>
						<Int>-13815040</Int>
						<Int>-13815040</Int>
						<Int>-13815040</Int>
						<Int>-13815040</Int>
						<Int>-13815040</Int>
						<Int>-13815040</Int>
						<Int>-13815040</Int>
						<Int>-13815040</Int>
						<Int>-13815040</Int>
						<Int>-13815040</Int>
						<Int>-13815040</Int>
						<Int>-13815040</Int>
						<Int>-13815040</Int>
						<Int>-13815040</Int>
						<Int>-13815040</Int>
						<Int>-13815040</Int>
						<Int>-13815040</Int>
						<Int>-13815040</Int>
						<Int>-13815040</Int>
						<Int>-13815040</Int>
						<Int>-13815040</Int>
						<Int>-13815040</Int>
						<Int>-13815040</Int>
						<Int>-13815040</Int>
						<Int>-13815040</Int>
						<Int>-13815040</Int>
						<Int>-13815040</Int>
						<Int>-13815040</Int>
						<Int>-13815040</Int>
						<Int>-13815040</Int>
						<Int>-13815040</Int>
						<Int>-13815040</Int>
						<Int>-13815040</Int>
						<Int>-13815040</Int>
						<Int>-13815040</Int>
						<Int>-13815040</Int>
						<Int>-13815040</Int>
						<Int>-13815040</Int>
						<Int>-13815040</Int>
						<Int>-13815040</Int>
						<Int>-13815040</Int>
						<Int>-13815040</Int>
						<Int>-13815040</Int>
						<Int>-13815040</Int>
						<Int>-13815040</Int>
						<Int>-13815040</Int>
						<Int>-13815040</Int>
						<Int>-13815040</Int>
					</Colors>
				</Value>
				<IsDataset>false</IsDataset>
			</AnyType>
			<AnyType xsi:type='typens:RasterFunctionVariable'>
				<Name>ColormapFile_2016225_132657_ 96</Name>
				<Description/>
				<Value xsi:type='xs:string'>Y:\Sentinel2\Parameter\colormaps\final_ndvi_colormap_18May11.clr</Value>
				<IsDataset>false</IsDataset>
			</AnyType>
		</Values>
	</Arguments>
	<Help/>
	<Type>0</Type>
	<Thumbnail xsi:type='xs:string'/>
	<Definition/>
	<Group/>
	<Tag/>
	<ThumbnailEx/>
</RasterFunctionTemplate>