<RasterFunctionTemplate xsi:type='typens:RasterFunctionTemplate' xmlns:xsi='http://www.w3.org/2001/XMLSchema-instance' xmlns:xs='http://www.w3.org/2001/XMLSchema' xmlns:typens='http://www.esri.com/schemas/ArcGIS/10.4'>
	<Name>NDVI Raw</Name>
	<Description>Normalized difference vegetation index (NDVI) computed as (b5 - b4) / (b5 + b4) on apparent reflectance</Description>
	<Function xsi:type='typens:NDVIFunction'>
		<Name>NDVI Function</Name>
		<Description>Calculates the Normalized Vegetation Differential Index (NDVI) values using a two-band raster consisting of the Red and near infrared bands.</Description>
		<PixelType>U8</PixelType>
	</Function>
	<Arguments xsi:type='typens:NDVIFunctionArguments'>
		<Names xsi:type='typens:ArrayOfString'>
			<String>Raster</String>
			<String>VisibleBandID</String>
			<String>InfraredBandID</String>
		</Names>
		<Values xsi:type='typens:ArrayOfAnyType'>
			<AnyType xsi:type='typens:RasterFunctionVariable'>
				<Name>Raster</Name>
				<Description/>
				<Value/>
				<IsDataset>true</IsDataset>
			</AnyType>
			<AnyType xsi:type='typens:RasterFunctionVariable'>
				<Name>VisibleBandID_2016226_133257_633</Name>
				<Description/>
				<Value xsi:type='xs:int'>3</Value>
				<IsDataset>false</IsDataset>
			</AnyType>
			<AnyType xsi:type='typens:RasterFunctionVariable'>
				<Name>InfraredBandID_2016226_133257_633</Name>
				<Description/>
				<Value xsi:type='xs:int'>7</Value>
				<IsDataset>false</IsDataset>
			</AnyType>
		</Values>
	</Arguments>
	<Help/>
	<Type>0</Type>
	<Thumbnail xsi:type='xs:string'/>
	<Definition/>
	<Group/>
	<Tag/>
	<ThumbnailEx/>
</RasterFunctionTemplate>