<RasterFunctionTemplate xsi:type='typens:RasterFunctionTemplate' xmlns:xsi='http://www.w3.org/2001/XMLSchema-instance' xmlns:xs='http://www.w3.org/2001/XMLSchema' xmlns:typens='http://www.esri.com/schemas/ArcGIS/10.4'><Name>Bathymetric with DRA</Name><Description>Bands red, green, coastal/aerosol(4, 3, 1) with Dynamic Range Adjustment applied on apparent reflectance. Useful bathymetric mapping applicaitons.</Description><Function xsi:type='typens:StretchFunction'><Name>Stretch Function</Name><Description>Enhances an image by changing properties such as brightness, contrast and gamma through multiple stretch types.</Description><PixelType>U8</PixelType></Function><Arguments xsi:type='typens:StretchFunctionArguments'><Names xsi:type='typens:ArrayOfString'><String>Raster</String><String>Min</String><String>Max</String><String>DRA</String><String>Gamma</String><String>UseGamma</String><String>Statistics</String><String>MinPercent</String><String>MaxPercent</String><String>StretchType</String><String>ComputeGamma</String><String>EstimateStatsHistogram</String><String>NumberOfStandardDeviation</String></Names><Values xsi:type='typens:ArrayOfAnyType'><AnyType xsi:type='typens:RasterFunctionVariable'><Name>Raster_201363_23285_579</Name><Description></Description><Value xsi:type='typens:RasterFunctionTemplate'><Name>Raster Function Template</Name><Description>A raster function template.</Description><Function xsi:type='typens:ExtractBandFunction'><Name>Bathymetric</Name><Description>Reorders or extracts bands from a raster.</Description><PixelType>UNKNOWN</PixelType></Function><Arguments xsi:type='typens:ExtractBandFunctionArguments'><Names xsi:type='typens:ArrayOfString'><String>Raster</String><String>BandIDs</String><String>MissingBandAction</String></Names><Values xsi:type='typens:ArrayOfAnyType'><AnyType xsi:type='typens:RasterFunctionVariable'><Name>Raster</Name><Description></Description><Value></Value><IsDataset>true</IsDataset></AnyType><AnyType xsi:type='typens:RasterFunctionVariable'><Name>BandIDs_201347_12211_582</Name><Description></Description><Value xsi:type='typens:ArrayOfInt'><Int>3</Int><Int>2</Int><Int>0</Int></Value><IsDataset>false</IsDataset></AnyType><AnyType xsi:type='typens:RasterFunctionVariable'><Name>MissingBandAction_201363_201956_ 32</Name><Description></Description><Value xsi:type='xs:int'>0</Value><IsDataset>false</IsDataset></AnyType></Values></Arguments><Help></Help><Type>0</Type><Thumbnail></Thumbnail><Definition></Definition><Group></Group><Tag></Tag><ThumbnailEx></ThumbnailEx></Value><IsDataset>true</IsDataset></AnyType><AnyType xsi:type='typens:RasterFunctionVariable'><Name>Min_201363_23285_579</Name><Description></Description><Value xsi:type='xs:double'>0</Value><IsDataset>false</IsDataset></AnyType><AnyType xsi:type='typens:RasterFunctionVariable'><Name>Max_201363_23285_579</Name><Description></Description><Value xsi:type='xs:double'>255</Value><IsDataset>false</IsDataset></AnyType><AnyType xsi:type='typens:RasterFunctionVariable'><Name>DRA_201363_23285_579</Name><Description></Description><Value xsi:type='xs:boolean'>true</Value><IsDataset>false</IsDataset></AnyType><AnyType xsi:type='typens:RasterFunctionVariable'><Name>Gamma_201363_23285_579</Name><Description></Description><Value xsi:type='typens:ArrayOfDouble'><Double>1.3</Double><Double>1.3</Double><Double>1.3</Double></Value><IsDataset>false</IsDataset></AnyType><AnyType xsi:type='typens:RasterFunctionVariable'><Name>UseGamma_201363_23285_579</Name><Description></Description><Value xsi:type='xs:boolean'>true</Value><IsDataset>false</IsDataset></AnyType><AnyType xsi:type='typens:RasterFunctionVariable'><Name>Statistics_201363_23285_579</Name><Description></Description><Value xsi:type='typens:ArrayOfArgument'><Argument xsi:type='typens:RasterStatistics'><Min>7000</Min><Max>48000</Max><Mean>30000</Mean><StandardDeviation>21500</StandardDeviation><Median>0</Median><Mode>0</Mode><SkipX>1</SkipX><SkipY>1</SkipY><Ignores xsi:nil='true'/><Covariances xsi:nil='true'/></Argument><Argument xsi:type='typens:RasterStatistics'><Min>7000</Min><Max>48000</Max><Mean>30000</Mean><StandardDeviation>21500</StandardDeviation><Median>0</Median><Mode>0</Mode><SkipX>1</SkipX><SkipY>1</SkipY><Ignores xsi:nil='true'/><Covariances xsi:nil='true'/></Argument><Argument xsi:type='typens:RasterStatistics'><Min>7000</Min><Max>48000</Max><Mean>30000</Mean><StandardDeviation>21500</StandardDeviation><Median>0</Median><Mode>0</Mode><SkipX>1</SkipX><SkipY>1</SkipY><Ignores xsi:nil='true'/><Covariances xsi:nil='true'/></Argument></Value><IsDataset>false</IsDataset></AnyType><AnyType xsi:type='typens:RasterFunctionVariable'><Name>MinPercent_201363_23285_579</Name><Description></Description><Value xsi:type='xs:double'>0.10000000000000001</Value><IsDataset>false</IsDataset></AnyType><AnyType xsi:type='typens:RasterFunctionVariable'><Name>MaxPercent_201363_23285_579</Name><Description></Description><Value xsi:type='xs:double'>0.5</Value><IsDataset>false</IsDataset></AnyType><AnyType xsi:type='typens:RasterFunctionVariable'><Name>StretchType_201363_23285_579</Name><Description></Description><Value xsi:type='xs:int'>6</Value><IsDataset>false</IsDataset></AnyType><AnyType xsi:type='typens:RasterFunctionVariable'><Name>ComputeGamma_201363_23285_579</Name><Description></Description><Value xsi:type='xs:boolean'>false</Value><IsDataset>false</IsDataset></AnyType><AnyType xsi:type='typens:RasterFunctionVariable'><Name>EstimateStatsHistogram_201363_23285_579</Name><Description></Description><Value xsi:type='xs:boolean'>false</Value><IsDataset>false</IsDataset></AnyType><AnyType xsi:type='typens:RasterFunctionVariable'><Name>NumberOfStandardDeviation_201363_23285_579</Name><Description></Description><Value xsi:type='xs:double'>2.5</Value><IsDataset>false</IsDataset></AnyType></Values></Arguments><Help></Help><Type>0</Type><Thumbnail></Thumbnail><Definition></Definition><Group></Group><Tag></Tag><ThumbnailEx></ThumbnailEx></RasterFunctionTemplate>