<RasterFunctionTemplate xsi:type='typens:RasterFunctionTemplate' xmlns:xsi='http://www.w3.org/2001/XMLSchema-instance' xmlns:xs='http://www.w3.org/2001/XMLSchema' xmlns:typens='http://www.esri.com/schemas/ArcGIS/10.4'>
	<Name>Color InfraRed</Name>
	<Description>Bands B8, B4, B3 (near-infrared, red, green)  with DRA stretch applied. Healthy vegetation is bright red while stressed vegetation is dull red</Description>
	<Function xsi:type='typens:StretchFunction'>
		<Name>Stretch Function</Name>
		<Description>Enhances an image by changing properties such as brightness, contrast and gamma through multiple stretch types.</Description>
		<PixelType>U8</PixelType>
	</Function>
	<Arguments xsi:type='typens:StretchFunctionArguments'>
		<Names xsi:type='typens:ArrayOfString'>
			<String>Raster</String>
			<String>Min</String>
			<String>Max</String>
			<String>DRA</String>
			<String>Gamma</String>
			<String>UseGamma</String>
			<String>Statistics</String>
			<String>MinPercent</String>
			<String>MaxPercent</String>
			<String>StretchType</String>
			<String>SigmoidStrengthLevel</String>
			<String>ComputeGamma</String>
			<String>EstimateStatsHistogram</String>
			<String>NumberOfStandardDeviation</String>
		</Names>
		<Values xsi:type='typens:ArrayOfAnyType'>
			<AnyType xsi:type='typens:RasterFunctionVariable'>
				<Name>Raster_2015928_102031_876</Name>
				<Description/>
				<Value xsi:type='typens:RasterFunctionTemplate'>
					<Name>Raster Function Template</Name>
					<Description>A raster function template.</Description>
					<Function xsi:type='typens:ExtractBandFunction'>
						<Name>ColorInfraRed</Name>
						<Description>Reorders or extracts bands from a raster.</Description>
						<PixelType>UNKNOWN</PixelType>
					</Function>
					<Arguments xsi:type='typens:ExtractBandFunctionArguments'>
						<Names xsi:type='typens:ArrayOfString'>
							<String>Raster</String>
							<String>BandIDs</String>
							<String>MissingBandAction</String>
							<String>__Properties</String>
						</Names>
						<Values xsi:type='typens:ArrayOfAnyType'>
							<AnyType xsi:type='typens:RasterFunctionVariable'>
								<Name>Raster</Name>
								<Description/>
								<Value/>
								<IsDataset>true</IsDataset>
							</AnyType>
							<AnyType xsi:type='typens:RasterFunctionVariable'>
								<Name>BandIDs_2015928_10207_962</Name>
								<Description/>
								<Value xsi:type='typens:ArrayOfInt'>
									<Int>3</Int>
									<Int>2</Int>
									<Int>1</Int>
								</Value>
								<IsDataset>false</IsDataset>
							</AnyType>
							<AnyType xsi:type='typens:RasterFunctionVariable'>
								<Name>MissingBandAction_2015928_10207_962</Name>
								<Description/>
								<Value xsi:type='xs:int'>0</Value>
								<IsDataset>false</IsDataset>
							</AnyType>
							<AnyType xsi:type='typens:PropertySet'>
								<PropertyArray xsi:type='typens:ArrayOfPropertySetProperty'/>
							</AnyType>
						</Values>
					</Arguments>
					<Help/>
					<Type>0</Type>
					<Thumbnail xsi:type='xs:string'/>
					<Definition/>
					<Group/>
					<Tag/>
					<ThumbnailEx/>
				</Value>
				<IsDataset>true</IsDataset>
			</AnyType>
			<AnyType xsi:type='typens:RasterFunctionVariable'>
				<Name>Min_2015928_102031_876</Name>
				<Description/>
				<Value xsi:type='xs:double'>0</Value>
				<IsDataset>false</IsDataset>
			</AnyType>
			<AnyType xsi:type='typens:RasterFunctionVariable'>
				<Name>Max_2015928_102031_876</Name>
				<Description/>
				<Value xsi:type='xs:double'>255</Value>
				<IsDataset>false</IsDataset>
			</AnyType>
			<AnyType xsi:type='typens:RasterFunctionVariable'>
				<Name>DRA_2015928_102031_876</Name>
				<Description/>
				<Value xsi:type='xs:boolean'>true</Value>
				<IsDataset>false</IsDataset>
			</AnyType>
			<AnyType xsi:type='typens:RasterFunctionVariable'>
				<Name>Gamma_2015928_102031_876</Name>
				<Description/>
				<Value xsi:type='typens:ArrayOfDouble'>
					<Double>1.3999999999999999</Double>
					<Double>1.3999999999999999</Double>
					<Double>1.3999999999999999</Double>
				</Value>
				<IsDataset>false</IsDataset>
			</AnyType>
			<AnyType xsi:type='typens:RasterFunctionVariable'>
				<Name>UseGamma_2015928_102031_876</Name>
				<Description/>
				<Value xsi:type='xs:boolean'>true</Value>
				<IsDataset>false</IsDataset>
			</AnyType>
			<AnyType xsi:type='typens:RasterFunctionVariable'>
				<Name>Statistics_2015928_102031_876</Name>
				<Description/>
				<Value/>
				<IsDataset>false</IsDataset>
			</AnyType>
			<AnyType xsi:type='typens:RasterFunctionVariable'>
				<Name>MinPercent_2015928_102031_876</Name>
				<Description/>
				<Value xsi:type='xs:double'>2</Value>
				<IsDataset>false</IsDataset>
			</AnyType>
			<AnyType xsi:type='typens:RasterFunctionVariable'>
				<Name>MaxPercent_2015928_102031_876</Name>
				<Description/>
				<Value xsi:type='xs:double'>2</Value>
				<IsDataset>false</IsDataset>
			</AnyType>
			<AnyType xsi:type='typens:RasterFunctionVariable'>
				<Name>StretchType_2015928_102031_876</Name>
				<Description/>
				<Value xsi:type='xs:int'>6</Value>
				<IsDataset>false</IsDataset>
			</AnyType>
			<AnyType xsi:type='typens:RasterFunctionVariable'>
				<Name>SigmoidStrengthLevel_2015928_102031_876</Name>
				<Description/>
				<Value xsi:type='xs:int'>4</Value>
				<IsDataset>false</IsDataset>
			</AnyType>
			<AnyType xsi:type='typens:RasterFunctionVariable'>
				<Name>ComputeGamma_2015928_102031_876</Name>
				<Description/>
				<Value xsi:type='xs:boolean'>false</Value>
				<IsDataset>false</IsDataset>
			</AnyType>
			<AnyType xsi:type='typens:RasterFunctionVariable'>
				<Name>EstimateStatsHistogram_2015928_102031_876</Name>
				<Description/>
				<Value xsi:type='xs:boolean'>false</Value>
				<IsDataset>false</IsDataset>
			</AnyType>
			<AnyType xsi:type='typens:RasterFunctionVariable'>
				<Name>NumberOfStandardDeviation_2015928_102031_876</Name>
				<Description/>
				<Value xsi:type='xs:double'>2.5</Value>
				<IsDataset>false</IsDataset>
			</AnyType>
		</Values>
	</Arguments>
	<Help/>
	<Type>0</Type>
	<Thumbnail xsi:type='xs:string'/>
	<Definition/>
	<Group/>
	<Tag/>
	<ThumbnailEx/>
</RasterFunctionTemplate>