<RasterFunctionTemplate xsi:type='typens:RasterFunctionTemplate' xmlns:xsi='http://www.w3.org/2001/XMLSchema-instance' xmlns:xs='http://www.w3.org/2001/XMLSchema' xmlns:typens='http://www.esri.com/schemas/ArcGIS/10.3'>
	<Name>NDVI_colormap</Name>
	<Description>Normalized difference vegetation index (NDVI) with color map. Dark green is thick vigorous vegetation and brown represents sparse vegetation.</Description>
	<Function xsi:type='typens:ColormapFunction'>
		<Name>Colormap Function</Name>
		<Description>Transforms the pixel values to display the raster data as either a grayscale or a red, green, blue (RGB) image, based on a color map or a color ramp.</Description>
		<PixelType>UNKNOWN</PixelType>
	</Function>
	<Arguments xsi:type='typens:ColormapFunctionArguments'>
		<Names xsi:type='typens:ArrayOfString'>
			<String>ColormapName</String>
			<String>Raster</String>
		</Names>
		<Values xsi:type='typens:ArrayOfAnyType'>
			<AnyType xsi:type='typens:RasterFunctionVariable'>
				<Name>ColormapName_2015105_13647_604</Name>
				<Description/>
				<Value xsi:type='xs:string'>NDVI3</Value>
				<IsDataset>false</IsDataset>
			</AnyType>
			<AnyType xsi:type='typens:RasterFunctionVariable'>
				<Name>Raster_20151214_121451_386</Name>
				<Description/>
				<Value xsi:type='typens:RasterFunctionTemplate'>
					<Name>Raster Function Template</Name>
					<Description>A raster function template.</Description>
					<Function xsi:type='typens:NDVIFunction'>
						<Name>NDVI Function</Name>
						<Description>Calculates the Normalized Vegetation Differential Index (NDVI) values using a two-band raster consisting of the Red and near infrared bands.</Description>
						<PixelType>UNKNOWN</PixelType>
					</Function>
					<Arguments xsi:type='typens:NDVIFunctionArguments'>
						<Names xsi:type='typens:ArrayOfString'>
							<String>Raster</String>
							<String>VisibleBandID</String>
							<String>InfraredBandID</String>
						</Names>
						<Values xsi:type='typens:ArrayOfAnyType'>
							<AnyType xsi:type='typens:RasterFunctionVariable'>
								<Name>Raster</Name>
								<Description/>
								<Value/>
								<IsDataset>true</IsDataset>
							</AnyType>
							<AnyType xsi:type='typens:RasterFunctionVariable'>
								<Name>VisibleBandID_2015105_13647_604</Name>
								<Description/>
								<Value xsi:type='xs:int'>3</Value>
								<IsDataset>false</IsDataset>
							</AnyType>
							<AnyType xsi:type='typens:RasterFunctionVariable'>
								<Name>InfraredBandID_2015105_13647_604</Name>
								<Description/>
								<Value xsi:type='xs:int'>7</Value>
								<IsDataset>false</IsDataset>
							</AnyType>
						</Values>
					</Arguments>
					<Help/>
					<Type>0</Type>
					<Thumbnail xsi:type='xs:string'/>
					<Definition/>
					<Group/>
					<Tag/>
				</Value>
				<IsDataset>true</IsDataset>
			</AnyType>
		</Values>
	</Arguments>
	<Help/>
	<Type>0</Type>
	<Thumbnail xsi:type='xs:string'/>
	<Definition/>
	<Group/>
	<Tag/>
</RasterFunctionTemplate>