<RasterFunctionTemplate xsi:type='typens:RasterFunctionTemplate' xmlns:xsi='http://www.w3.org/2001/XMLSchema-instance' xmlns:xs='http://www.w3.org/2001/XMLSchema' xmlns:typens='http://www.esri.com/schemas/ArcGIS/10.3'><Name>Sentinel2_DRA</Name><Description>A raster function template.</Description><Function xsi:type='typens:StretchFunction'><Name>Stretch Function</Name><Description>Enhances an image by changing properties such as brightness, contrast and gamma through multiple stretch types.</Description><PixelType>U8</PixelType></Function><Arguments xsi:type='typens:StretchFunctionArguments'><Names xsi:type='typens:ArrayOfString'><String>Raster</String><String>Min</String><String>Max</String><String>DRA</String><String>Gamma</String><String>UseGamma</String><String>Statistics</String><String>MinPercent</String><String>MaxPercent</String><String>StretchType</String><String>ComputeGamma</String><String>EstimateStatsHistogram</String><String>NumberOfStandardDeviation</String></Names><Values xsi:type='typens:ArrayOfAnyType'><AnyType xsi:type='typens:RasterFunctionVariable'><Name>Raster</Name><Description></Description><Value></Value><IsDataset>true</IsDataset></AnyType><AnyType xsi:type='typens:RasterFunctionVariable'><Name>Min_20151222_125935_339</Name><Description></Description><Value xsi:type='xs:double'>0</Value><IsDataset>false</IsDataset></AnyType><AnyType xsi:type='typens:RasterFunctionVariable'><Name>Max_20151222_125935_339</Name><Description></Description><Value xsi:type='xs:double'>255</Value><IsDataset>false</IsDataset></AnyType><AnyType xsi:type='typens:RasterFunctionVariable'><Name>DRA_20151222_125935_339</Name><Description></Description><Value xsi:type='xs:boolean'>true</Value><IsDataset>false</IsDataset></AnyType><AnyType xsi:type='typens:RasterFunctionVariable'><Name>Gamma_20151222_125935_339</Name><Description></Description><Value></Value><IsDataset>false</IsDataset></AnyType><AnyType xsi:type='typens:RasterFunctionVariable'><Name>UseGamma_20151222_125935_339</Name><Description></Description><Value xsi:type='xs:boolean'>false</Value><IsDataset>false</IsDataset></AnyType><AnyType xsi:type='typens:RasterFunctionVariable'><Name>Statistics_20151222_125935_339</Name><Description></Description><Value></Value><IsDataset>false</IsDataset></AnyType><AnyType xsi:type='typens:RasterFunctionVariable'><Name>MinPercent_20151222_125935_339</Name><Description></Description><Value xsi:type='xs:double'>2</Value><IsDataset>false</IsDataset></AnyType><AnyType xsi:type='typens:RasterFunctionVariable'><Name>MaxPercent_20151222_125935_339</Name><Description></Description><Value xsi:type='xs:double'>2</Value><IsDataset>false</IsDataset></AnyType><AnyType xsi:type='typens:RasterFunctionVariable'><Name>StretchType_20151222_125935_339</Name><Description></Description><Value xsi:type='xs:int'>6</Value><IsDataset>false</IsDataset></AnyType><AnyType xsi:type='typens:RasterFunctionVariable'><Name>ComputeGamma_20151222_125935_339</Name><Description></Description><Value xsi:type='xs:boolean'>false</Value><IsDataset>false</IsDataset></AnyType><AnyType xsi:type='typens:RasterFunctionVariable'><Name>EstimateStatsHistogram_20151222_125935_339</Name><Description></Description><Value xsi:type='xs:boolean'>false</Value><IsDataset>false</IsDataset></AnyType><AnyType xsi:type='typens:RasterFunctionVariable'><Name>NumberOfStandardDeviation_20151222_125935_339</Name><Description></Description><Value xsi:type='xs:double'>2.5</Value><IsDataset>false</IsDataset></AnyType></Values></Arguments><Help></Help><Type>0</Type><Thumbnail></Thumbnail><Definition></Definition><Group></Group><Tag></Tag></RasterFunctionTemplate>