<?xml version="1.0" encoding="utf-8"?>
<Application>
  <!-- Support for Dynamic Variable <Name>$xyz$</Name> or <Name>DefaultValue;$xyz$</Name> The variable value can be passed from the command line -->
  <Name>Name_of_Project</Name>
  <Command>DefaultCommand</Command>
  <!-- Commands avaiable CM, AR, SP, BP, CBMD, ERF, ANCP, APCP, ABA, CBA, CCP, CTP, AMDS, AMD, BMDIC, CDA, GEA, CS, BPS, BF, BS, BB, DN, SY, IG, SS, DF, DO, BO, MMDI, DMD, RRFMD, RP RI, AI, JF, CV, MTC, ETC, STP, SE, EMDG, EMDI, SMDI, CSDD, STS, USD -->
  <!-- Commands can be combined using the + sign and some commands can be called multiple times, refer to MDCS document for more help -->
  <ArcGISVersion>
    <!-- Defines Min Max version required. Eg due to know issue in previsous versions -->
    <Product>
      <Min></Min>
      <Max></Max>
    </Product>
  </ArcGISVersion>
  <Workspace>
    <!-- CM Create Mosaic Dataset -->
    <!-- http://desktop.arcgis.com/en/arcmap/latest/tools/data-management-toolbox/create-mosaic-dataset.htm -->
    <WorkspacePath>Path_to_folder_where_GDB_Will_be_stored</WorkspacePath>
    <Geodatabase>Name_of_Geodatabase</Geodatabase>
    <MosaicDataset>
      <MosaicDatasetType>source;derived;referenced</MosaicDatasetType>
      <Name>Name_of_MosaicDataset</Name>
      <SRS>PROJCS['WGS_1984_Web_Mercator_Auxiliary_Sphere',GEOGCS['GCS_WGS_1984',DATUM['D_WGS_1984',SPHEROID['WGS_1984',6378137.0,298.257223563]],PRIMEM['Greenwich',0.0],UNIT['Degree',0.0174532925199433]],PROJECTION['Mercator_Auxiliary_Sphere'],PARAMETER['False_Easting',0.0],PARAMETER['False_Northing',0.0],PARAMETER['Central_Meridian',0.0],PARAMETER['Standard_Parallel_1',0.0],PARAMETER['Auxiliary_Sphere_Type',0.0],UNIT['Meter',1.0]];-20037700 -30241100 10000;-100000 10000;-100000 10000;0.001;0.001;0.001;IsHighPrecision</SRS>
      <num_bands>Number_of_Bands</num_bands>
      <pixel_type>1_BIT;2_BIT;4_BIT;8_BIT_UNSIGNED;8_BIT_SIGNED;16_BIT_UNSIGNED;16_BIT_SIGNED;32_BIT_UNSIGNED;32_BIT_SIGNED;32_BIT_FLOAT;64_BIT</pixel_type>
      <product_definition>None;NATURAL_COLOR_RGB;NATURAL_COLOR_RGBI;FALSE_COLOR_IRG;FORMOSAT-2_4BANDS;GEOEYE-1_4BANDS;IKONOS_4BANDS;KOMPSAT-2_4BANDS;LANDSAT_6BANDS;LANDSAT_MSS_4BANDS;QUICKBIRD_4BANDS;RAPIDEYE_5BANDS;SPOT-5_4BANDS;WORLDVIEW-2_8BANDS;CUSTOM</product_definition>
      <product_band_definitions>Band_and_WaveLength_info</product_band_definitions>
      <!-- CR  Create Refernce Mosaic Dataset-->
      <!--http://desktop.arcgis.com/en/arcmap/latest/tools/data-management-toolbox/create-referenced-mosaic-dataset.htm -->
      <CreateReferencedMosaicDataset>
        <in_dataset>Input_MosaicDataset</in_dataset>
        <out_mosaic_dataset>Output_MosiacDataset</out_mosaic_dataset>
        <SRS>PROJCS['WGS_1984_Web_Mercator_Auxiliary_Sphere',GEOGCS['GCS_WGS_1984',DATUM['D_WGS_1984',SPHEROID['WGS_1984',6378137.0,298.257223563]],PRIMEM['Greenwich',0.0],UNIT['Degree',0.0174532925199433]],PROJECTION['Mercator_Auxiliary_Sphere'],PARAMETER['False_Easting',0.0],PARAMETER['False_Northing',0.0],PARAMETER['Central_Meridian',0.0],PARAMETER['Standard_Parallel_1',0.0],PARAMETER['Auxiliary_Sphere_Type',0.0],UNIT['Meter',1.0]];-20037700 -30241100 10000;-100000 10000;-100000 10000;0.001;0.001;0.001;IsHighPrecision</SRS>		
        <number_of_bands>#</number_of_bands>
        <pixel_type>#</pixel_type>		
        <where_clause>SQL_QUERY</where_clause>		
        <in_template_dataset>RasterLayer_or_FeatureLayer</in_template_dataset>
        <extent>Envelope</extent>
        <select_using_features>SELECT_USING_FEATURES;NO_SELECT_USING_FEATURES</select_using_features>
        <lod_field>Field_defining_mapScale</lod_field>
        <minPS_field>MinPS_Field</minPS_field>
        <maxPS_field>MaxPS_Field</maxPS_field>
        <pixelSize>CellSize</pixelSize>
        <build_boundary>BUILD_BOUNDARY;NO_BOUNDARY</build_boundary>
      </CreateReferencedMosaicDataset>
      <!-- AR   Add Rasters-->
      <!-- http://desktop.arcgis.com/en/arcmap/latest/tools/data-management-toolbox/add-rasters-to-mosaic-dataset.htm -->
      <AddRasters>
        <AddRaster>
          <dataset_id>Dataset_ID</dataset_id>
          <raster_type>RasterTypeName_or_Path_of_rasterType_file</raster_type>
          <Sources>
            <data_path>DataPath</data_path>
          </Sources>
          <filter>Filter</filter>
          <update_cellsize_ranges>UPDATE_CELL_SIZES;NO_CELL_SIZES</update_cellsize_ranges>
          <update_boundary>UPDATE_BOUNDARY,NO_BOUNDARY</update_boundary>
          <update_overviews>UPDATE_OVERVIEWS;No_OVERVIEWS</update_overviews>
          <maximum_pyramid_levels></maximum_pyramid_levels>
          <maximum_cell_size></maximum_cell_size>
          <minimum_dimension></minimum_dimension>
          <spatial_reference></spatial_reference>
          <sub_folder>SUBFOLDERS;NO_SUBFOLDERS</sub_folder>
          <duplicate_items_action>ALLOW_DUPLICATES;EXCLUDE_DUPLICATES;OVERWRITE_DUPLICATES</duplicate_items_action>
          <build_pyramids>NO_PYRAMIDS;BUILD_PYRAMIDS</build_pyramids>
          <calculate_statistics>CALCULATE_STATISTICS;NO_STATISTICS </calculate_statistics>
          <build_thumbnails>BUILD_THUMBNAILS;NOTHUMBNAILS</build_thumbnails>
          <operation_description></operation_description>
          <force_spatial_reference>FORCE_SPATIAL_REFERENCE;NO_FORCE_SPATIAL_REFERENCE</force_spatial_reference>
          <estimate_statistics>NO_STATISTICS;ESTIMATE_STATISTICS</estimate_statistics>
          <aux_inputs>#</aux_inputs>		  
        </AddRaster>
        <AddRaster>
          <dataset_id>ID</dataset_id>
          <raster_type>RasterType</raster_type>
          <Sources>
            <data_path>DataPath</data_path>
          </Sources>
          <filter>Filter</filter>
          <update_cellsize_ranges>UPDATE_CELL_SIZES;NO_CELL_SIZES</update_cellsize_ranges>
          <update_boundary>UPDATE_BOUNDARY,NO_BOUNDARY</update_boundary>
          <update_overviews>UPDATE_OVERVIEWS;No_OVERVIEWS</update_overviews>
          <maximum_pyramid_levels></maximum_pyramid_levels>
          <maximum_cell_size></maximum_cell_size>
          <minimum_dimension></minimum_dimension>
          <spatial_reference></spatial_reference>
          <sub_folder>SUBFOLDERS;NO_SUBFOLDERS</sub_folder>
          <duplicate_items_action>ALLOW_DUPLICATES;EXCLUDE_DUPLICATES;OVERWRITE_DUPLICATES</duplicate_items_action>
          <build_pyramids>NO_PYRAMIDS;BUILD_PYRAMIDS</build_pyramids>
          <calculate_statistics>CALCULATE_STATISTICS;NO_STATISTICS </calculate_statistics>
          <build_thumbnails>BUILD_THUMBNAILS;NOTHUMBNAILS</build_thumbnails>
          <operation_description></operation_description>
          <force_spatial_reference>FORCE_SPATIAL_REFERENCE;NO_FORCE_SPATIAL_REFERENCE</force_spatial_reference>
        </AddRaster>
      </AddRasters>
      <!-- SP    Set Properties -->
      <!-- http://desktop.arcgis.com/en/arcmap/latest/tools/data-management-toolbox/set-mosaic-dataset-properties.htm -->
      <DefaultProperties>
        <max_num_per_mosaic>50</max_num_per_mosaic>
        <rows_maximum_imagesize>4000</rows_maximum_imagesize>
        <columns_maximum_imagesize>4000</columns_maximum_imagesize>
        <allowed_compressions>LZ77;NONE;JPEG;LERC</allowed_compressions>
        <default_compression_type>None;JPEG</default_compression_type>
        <JPEG_quality>0-100</JPEG_quality>
        <LERC_Tolerance>0.01</LERC_Tolerance>
        <resampling_type>NEAREST;BILINEAR;CUBIC;MAJORITY</resampling_type>
        <clip_to_footprints>NOT_CLIP;CLIP</clip_to_footprints>
        <clip_to_boundary>CLIP;NOT_CLIP</clip_to_boundary>
        <color_correction>NOT_APPLY;APPLY</color_correction>
        <footprints_may_contain_nodata>FOOTPRINTS_MAY_CONTAIN_NODATA;FOOTPRINTS_DO_NOT_CONTAIN_NODATA</footprints_may_contain_nodata>
        <allowed_mensuration_capabilities>BASIC;Base-Top Height;Base-Top Shadow Height;Top-Top Shadow Height;3D</allowed_mensuration_capabilities>
        <default_mensuration_capabilities>BASIC</default_mensuration_capabilities>
        <allowed_mosaic_methods>Center;NorthWest;Nadir;Viewpoint;LockRaster;ByAttribute;Seamline;None</allowed_mosaic_methods>
        <default_mosaic_method>ByAttribute</default_mosaic_method>
        <order_field>Name_of_Field</order_field>
        <order_base>Base_value</order_base>
        <sorting_order>ASCENDING;DESCENDING</sorting_order>
        <mosaic_operator>FIRST;LAST;MIN;MAX;MEAN;BLEND</mosaic_operator>
        <blend_width>10</blend_width>
        <view_point_x>300</view_point_x>
        <view_point_y>300</view_point_y>
        <max_num_per_mosaic>50</max_num_per_mosaic>
        <cell_size_tolerance>0.8</cell_size_tolerance>
        <!-- Increase to enable ordering of images with greater pixel size differentiation-->
        <cell_size>#</cell_size>
        <!-- Use to set the smallest pixels size of the mosaic dataset -->
        <metadata_level>FULL;NONE;BASIC</metadata_level>
        <transmission_fields>List_of_fields_to_be_transmitted</transmission_fields>
        <use_time>ENABLED;DISABLED</use_time>
        <start_time_field>Field_name_for_startTime</start_time_field>
        <end_time_field>Field_name_for_endTime</end_time_field>
        <time_format>#</time_format>
        <geographic_transform>#</geographic_transform>
        <max_num_of_download_items>50</max_num_of_download_items>
        <max_num_of_records_returned>2000</max_num_of_records_returned>
        <data_source_type>GENERIC;THEMATIC;PROCESSED;ELEVATION;SCIENTIFIC;VECTOR_UV;VECTOR_MAGDIR</data_source_type>
        <minimum_pixel_contribution>#</minimum_pixel_contribution>
        <processing_templates>#</processing_templates>
        <default_processing_template>#</default_processing_template>		
      </DefaultProperties>
      <Table>
        <!-- AF  Add Fields-->
		<!--http://desktop.arcgis.com/en/arcmap/latest/tools/data-management-toolbox/add-field.htm -->
        <AddFields>AddFields</AddFields>
        <Fields>
          <Field>
            <name>Dataset_ID</name>
            <type>TEXT</type>
            <length>32</length>
          </Field>
        </Fields>
      </Table>
      <Processes>
        <!-- CC    Calculate Cell Size Ranges -->
        <!--http://desktop.arcgis.com/en/arcmap/latest/tools/data-management-toolbox/calculate-cell-size-ranges.htm -->
        <CalculateCellSizeRanges>
          <where_clause>SQL QUERY</where_clause>
          <do_compute_min>NO_MIN_CELL_SIZES</do_compute_min>
          <do_compute_max>NO_MAX_CELL_SIZES</do_compute_max>
          <max_range_factor>10</max_range_factor>
          <cell_size_tolerance_factor>#</cell_size_tolerance_factor>
          <update_missing_only>UPDATE_MISSING_ONLY;UPDATE_ALL</update_missing_only>
        </CalculateCellSizeRanges>
        <!-- BP    Build Pyramids-->
        <!-- http://desktop.arcgis.com/en/arcmap/latest/tools/data-management-toolbox/build-pyramids.htm -->
        <BuildPyramids>
          <pyramid_level>1-29</pyramid_level>
          <SKIP_FIRST>NONE;SKIP_FIRST</SKIP_FIRST>
          <resample_technique>NEAREST;BILINEAR;CUBIC</resample_technique>
          <compression_type>DEFAULT;JPEG;JPEG_YCbCr;None;LZW</compression_type>
          <compression_quality>0-100</compression_quality>
          <skip_existing>OVERWRITE;SKIP_EXISTING</skip_existing>
        </BuildPyramids>
        <!-- CBMD    Color Balance Mosaic Dataset -->
        <!-- http://desktop.arcgis.com/en/arcmap/latest/tools/data-management-toolbox/color-balance-mosaic-dataset.htm -->
        <ColorBalanceMosaicDataset>
          <balancing_method>DODGING;HISTOGRAM;STANDARD_DEVIATION</balancing_method>
          <color_surface_type>SINGLE_COLOR;COLOR_GRID;FIRST_ORDER;SECOND_ORDER;SECOND_ORDER;THIRD_ORDER</color_surface_type>
          <target_raster>#</target_raster>
          <gamma>#</gamma>
          <exclude_raster>#</exclude_raster>
          <stretch_type>NONE;ADAPTIVE;MINIMUM_MAXIMUM;STANDARD_DEVIATION</stretch_type>
          <block_field>#</block_field>
        </ColorBalanceMosaicDataset>
        <!-- ERF     Edit Raster Funtion -->
        <!-- http://desktop.arcgis.com/en/arcmap/latest/tools/data-management-toolbox/edit-raster-function.htm -->
        <EditRasterFunction>
          <edit_mosaic_dataset_item>EDIT_MOSAIC_DATASET_ITEM;EDIT_MOSAIC_DATASET</edit_mosaic_dataset_item>
          <edit_options>INSERT;REPLACE;REMOVE</edit_options>
          <function_chain_definition>path_to_rft_file</function_chain_definition>
          <location_function_name>Place_to_insert_replace_or_remove_the_function_chain</location_function_name>
        </EditRasterFunction>
        <!-- ANCP     Analyze Control Points -->
        <!-- http://desktop.arcgis.com/en/arcmap/latest/tools/data-management-toolbox/analyze-control-points.htm -->
        <AnalyzeControlPoints>
          <in_control_points>#</in_control_points>
          <out_coverage_table>#</out_coverage_table>
          <out_overlap_table>#</out_overlap_table>
          <in_mask_dataset>#</in_mask_dataset>
          <minimum_area>#</minimum_area>		  
        </AnalyzeControlPoints>	
        <!-- APCP     Append Control Points -->
        <!-- http://desktop.arcgis.com/en/arcmap/latest/tools/data-management-toolbox/append-control-points.htm -->
        <AppendControlPoints>
          <in_master_control_points>#</in_master_control_points>
          <in_input_control_points>#</in_input_control_points>
          <in_z_field>#</in_z_field>
          <in_tag_field>#</in_tag_field>
          <in_dem>#</in_dem>		  
        </AppendControlPoints>			
        <!-- ABA     Apply Block Adjustment -->
        <!-- http://desktop.arcgis.com/en/arcmap/latest/tools/data-management-toolbox/apply-block-adjustment.htm -->
        <ApplyBlockAdjustment>
          <adjustment_operation>ADJUST;RESET</adjustment_operation>
          <input_solution_table>#</input_solution_table>
          <pan_to_ms_scaling_factor>#</pan_to_ms_scaling_factor>	  
        </ApplyBlockAdjustment>		
        <!-- CBA     Compute Block Adjustment -->
        <!-- http://desktop.arcgis.com/en/arcmap/latest/tools/data-management-toolbox/compute-block-adjustments.htm -->
        <ComputeBlockAdjustment>
          <in_control_points>#</in_control_points>
          <transformation_type>POLYORDER0;POLYORDER1</transformation_type>
          <out_solution_table>#</out_solution_table>
          <out_solution_point_table>#</out_solution_point_table>
          <maximum_residual_value>0.7</maximum_residual_value>
          <adjustment_options>MinResidual;MaxResidualFactor;_BAO;_BAI</adjustment_options>		  
        </ComputeBlockAdjustment>
        <!-- CCP     Compute Control Points -->
        <!-- http://desktop.arcgis.com/en/arcmap/latest/tools/data-management-toolbox/compute-control-points.htm -->		
        <ComputeControlPoints>
          <in_reference_images>#</in_reference_images>
          <out_control_points>#</out_control_points>
          <similarity>LOW;MEDIUM;HIGH</similarity>
          <out_image_feature_points>#</out_image_feature_points>
          <density>LOW;MEDIUM;HIGH</density>
          <distribution>RANDOM;REGULAR</distribution>
          <area_of_interest>#</area_of_interest>		  
        </ComputeControlPoints>
        <!-- CTP     Compute Tie Points -->
        <!-- http://desktop.arcgis.com/en/arcmap/latest/tools/data-management-toolbox/compute-tie-points.htm -->		
        <ComputeTiePoints>
          <out_control_points>#</out_control_points>
          <similarity>LOW;MEDIUM;HIGH</similarity>
          <in_mask_dataset>#</in_mask_dataset>
          <out_image_features>#</out_image_features>		  
          <density>LOW;MEDIUM;HIGH</density>
          <distribution>RANDOM;REGULAR</distribution>	  
        </ComputeTiePoints>
        <!-- AMDS     Alter Mosaic Dataset Schema -->
        <!-- http://desktop.arcgis.com/en/arcmap/latest/tools/data-management-toolbox/alter-mosaic-dataset-schema.htm -->		
        <AlterMosaicDatasetSchema>
          <side_tables>side_tables</side_tables>
          <raster_type_names>raster_types</raster_type_names>
          <editor_tracking>NO_EDITOR_TRACKING;EDITOR_TRACKING</editor_tracking> 
        </AlterMosaicDatasetSchema>	
        <!-- AMD     Analyze Mosaic Dataset  -->
        <!-- http://desktop.arcgis.com/en/arcmap/latest/tools/data-management-toolbox/analyze-mosaic-dataset.htm -->		
        <AnalyzeMosaicDataset>
          <where_clause>#</where_clause>
          <checker_keywords>FOOTPRINT;FUNCTION;RASTER;PATHS;SOURCE_VALIDITY;STALE;PYRAMIDS;STATISTICS;PERFORMANCE;INFORMATION</checker_keywords>
        </AnalyzeMosaicDataset>		
        <!-- BMDIC     Build Mosaic Dataset Item Cache  -->
        <!-- http://desktop.arcgis.com/en/arcmap/latest/tools/data-management-toolbox/build-mosaic-dataset-item-cache.htm -->		
        <BuildMosaicDatasetItemCache>
          <where_clause>#</where_clause>
          <define_cache>DEFINE_CACHE;NO_DEFINE_CACHE</define_cache>
          <generate_cache>GENERATE_CACHE;NO_GENERATE_CACHE</generate_cache>
          <item_cache_folder>#</item_cache_folder>
          <compression_method>LOSSLESS;LOSSY;NONE</compression_method>
          <compression_quality>1-100</compression_quality>
          <max_allowed_rows>#</max_allowed_rows>
          <max_allowed_columns>#</max_allowed_columns>
          <request_size_type>PIXEL_SIZE_FACTOR;PIXEL_SIZE</request_size_type>
          <request_size>#</request_size>	  
        </BuildMosaicDatasetItemCache>
        <!-- CDA     Compute Dirty Area  -->
        <!-- http://desktop.arcgis.com/en/arcmap/latest/tools/data-management-toolbox/compute-dirty-area.htm -->		
        <ComputeDirtyArea>
          <where_clause>#</where_clause>
          <timestamp>#</timestamp>
          <out_feature_class>#</out_feature_class>	  
        </ComputeDirtyArea>	
        <!-- GEA     Generate Exclude Area  -->
        <!-- http://desktop.arcgis.com/en/arcmap/latest/tools/data-management-toolbox/generate-exclude-area.htm -->		
        <GenerateExcludeArea>
          <in_raster>#</in_raster>
          <out_raster>#</out_raster>
          <pixel_type>8_BIT;11_BIT;12_BIT;16_BIT</pixel_type>
          <generate_method>COLOR_MASK;HISTOGRAM_PERCENTAGE</generate_method>
          <max_red>255</max_red>
          <max_green>255</max_green>
          <max_blue>255</max_blue>
          <max_white>255</max_white>
          <max_black>0</max_black>
          <max_magenta>255</max_magenta>
          <max_cyan>255</max_cyan>
          <max_yellow>255</max_yellow>
          <percentage_low>0</percentage_low>
          <percentage_high>100</percentage_high>	  		  
        </GenerateExcludeArea>		
        <!-- CS   Calcualate Statistic -->
        <!-- http://desktop.arcgis.com/en/arcmap/latest/tools/data-management-toolbox/calculate-statistics.htm -->
        <CalculateStatistics>
          <x_skip_factor>1</x_skip_factor>
          <y_skip_factor>1</y_skip_factor>
          <ignore_values>#</ignore_values>
          <skip_existing>OVERWRITE;SKIP_EXISTING</skip_existing>
          <area_of_interest>#</area_of_interest>
        </CalculateStatistics>
        <!-- BPS   Build Pyramids and Statistics -->
        <!-- http://desktop.arcgis.com/en/arcmap/latest/tools/data-management-toolbox/build-pyramids-and-statistics.htm-->
        <BuildPyramidsAndStatistics>
          <include_subdirectories>NONE;INCLUDE_SUBDIRECTORIES</include_subdirectories>
          <build_pyramids>NONE;BUILD_PYRAMIDS</build_pyramids>
          <calculate_statistics>NONE;CALCULATE_STATISTICS</calculate_statistics>
          <BUILD_ON_SOURCE>NONE;BUILD_ON_SOURCE </BUILD_ON_SOURCE>
          <block_field>#</block_field>
          <estimate_statistics>NONE;ESTIMATE_STATISTICS</estimate_statistics>
          <x_skip_factor>1</x_skip_factor>
          <y_skip_factor>1</y_skip_factor>
          <ignore_values>#</ignore_values>
          <pyramid_level>1-29</pyramid_level>
          <SKIP_FIRST>NONE;SKIP_FIRST</SKIP_FIRST>
          <resample_technique>NEAREST;BILINEAR;CUBIC</resample_technique>
          <compression_type>DEFAULT;JPEG;JPEG_YCbCr;None;LZW</compression_type>
          <compression_quality>0-100</compression_quality>
          <skip_existing>OVERWRITE;SKIP_EXISTING</skip_existing>
        </BuildPyramidsAndStatistics>
        <!-- BF  Build Footprints -->
        <!-- http://desktop.arcgis.com/en/arcmap/latest/tools/data-management-toolbox/build-footprints.htm -->
        <BuildFootprint>
          <where_clause>SQL_QUERY</where_clause>
          <reset_footprint>RADIOMETRY;GEOMETRY;COPY_FROM_SIBLING;NONE</reset_footprint>
          <max_data_value>Highest_value_representing_valid_data</max_data_value>
          <min_data_value>1</min_data_value>
          <approx_num_vertices>Approximate_number_of_vertices</approx_num_vertices>
          <shrink_distance>0</shrink_distance>
          <update_boundary>NO_BOUNDARY;UPDATE_BOUNDARY</update_boundary>
          <skip_derived_images>SKIP_DERIVED_IMAGES;NO_SKIP_DERIVED_IMAGES</skip_derived_images>
          <maintain_edges>NO_MAINTAIN_EDGES;MAINTAIN_EDGES</maintain_edges>
          <request_size>2000</request_size>
          <min_region_size></min_region_size>
          <simplification_method>NONE;CONVEX_HULL;ENVELOPE</simplification_method>
          <edge_tolerance>#</edge_tolerance>
          <max_sliver_size>#</max_sliver_size>
          <min_thinness_ratio>0.0-1.0</min_thinness_ratio>		  
        </BuildFootprint>
        <!-- BS  Build Seamlines-->
        <!-- http://desktop.arcgis.com/en/arcmap/latest/tools/data-management-toolbox/build-seamlines.htm -->
        <BuildSeamlines>
          <cell_size>#</cell_size>
          <sort_method>NORTH_WEST;CLOSEST_TO_VIEWPOINT;BY_ATTRIBUTE</sort_method>
          <sort_order>ASCENDING;DESCENDING</sort_order>
          <order_by_attribute>#</order_by_attribute>
          <order_by_base_value>#</order_by_base_value>
          <view_point>0</view_point>
          <computation_method>GEOMETRY;RADIOMETRY;COPY_FOOTPRINT;COPY_TO_SIBLING</computation_method>
          <blend_width>#</blend_width>
          <blend_type>BOTH;INSIDE;OUTSIDE</blend_type>
          <request_size>#</request_size>
          <request_size_type>PIXELS;PIXELSIZE_FACTOR</request_size_type>
          <blend_width_units>PIXELS;GROUND_UNITS</blend_width_units>
          <area_of_interest>#</area_of_interest>
          <where_clause>#</where_clause>
          <update_existing>IGNORE_EXISTING;UPDATE_EXISTING </update_existing>		  
        </BuildSeamlines>
        <!-- BB  Build Boundary -->
        <!-- http://desktop.arcgis.com/en/arcmap/latest/tools/data-management-toolbox/build-boundary.htm -->
        <BuildBoundary>
          <where_clause>SQL_QUERY</where_clause>
          <append_to_existing>OVERWRITE;APPEND</append_to_existing>
          <simplification_method>NONE;CONVEX_HULL;ENVELOPE</simplification_method>
        </BuildBoundary>
        <!-- DN  Defined NoData -->
        <!-- http://desktop.arcgis.com/en/arcmap/latest/tools/data-management-toolbox/define-mosaic-dataset-nodata.htm -->
        <DefineMosaicDatasetNoData>
          <num_bands>No_of_Bands</num_bands>
          <bands_for_nodata_value>DefineNOData_value</bands_for_nodata_value>
          <where_clause>where_clause</where_clause>
          <bands_for_valid_data_range>bands_for_nodata_value</bands_for_valid_data_range>
          <Composite_nodata_value>NO_COMPOSITE_NODATA;COMPOSITE_NODATA</Composite_nodata_value>
        </DefineMosaicDatasetNoData>
        <!-- SY   Synchronize -->
        <!-- http://desktop.arcgis.com/en/arcmap/latest/tools/data-management-toolbox/synchronize-mosaic-dataset.htm -->
        <SynchronizeMosaicDataset>
          <where_clause>SQL_QUERY</where_clause>
          <new_items>NO_NEW_ITEMS;UPDATE_WITH_NEW_ITEMS</new_items>
          <sync_only_stale>SYNC_STALE;SYNC_ALL</sync_only_stale>
          <update_cellsize_ranges>UPDATE_CELL_SIZES;NO_CELL_SIZES</update_cellsize_ranges>
          <update_boundary>UPDATE_BOUNDARY;NO_BOUNDARY</update_boundary>
          <update_overviews>UPDATE_OVERVIEWS;NO_OVERVIEWS</update_overviews>
          <build_pyramids>BUILD_PYRAMIDS;NO_PYRAMIDS</build_pyramids>
          <calculate_statistics>CALCULATE_STATISTICS;NO_STATISTICS</calculate_statistics>
          <build_thumbnails>NO_THUMBNAILS;BUILD_THUMBNAILS</build_thumbnails>
          <build_item_cache>BUILD_ITEM_CACHE;NO_ITEM_CACHE</build_item_cache>
          <rebuild_raster>REBUILD_RASTER,NO_RASTER</rebuild_raster>
          <update_fields>UPDATE_FIELDS;NO_FIELDS</update_fields>
          <fields_to_update>Specify_which_fields_should_be_updated</fields_to_update>
          <existing_items>UPDATE_EXISTING_ITEMS;IGNORE_EXISTING_ITEMS</existing_items>
          <broken_items>IGNORE_BROKEN_ITEMS;REMOVE_BROKEN_ITEMS</broken_items>
          <skip_existing_items>SKIP_EXISTING_ITEMS;OVERWRITE_EXISTING_ITEMS</skip_existing_items>
          <refresh_aggregate_info>NO_REFRESH_INFO;REFRESH_INFO</refresh_aggregate_info>
          <estimate_statistics>NO_STATISTICS;ESTIMATE_STATISTICS</estimate_statistics>		  
        </SynchronizeMosaicDataset>
        <!-- IG    Import Geometry -->
        <!-- http://desktop.arcgis.com/en/arcmap/latest/tools/data-management-toolbox/import-mosaic-dataset-geometry.htm -->
        <ImportGeometry>
          <target_featureclass_type>FOOTPRINT;SEAMLINE;BOUNDARY</target_featureclass_type>
          <target_join_field>target_join_field</target_join_field>
          <input_featureclass>input_featureclass</input_featureclass>
          <input_join_field>input_join_field</input_join_field>
        </ImportGeometry>
        <ImportFieldValues>
          <target_join_field>target_join_field</target_join_field>
          <input_featureclass>input_featureclass</input_featureclass>
          <input_join_field>input_join_field</input_join_field>
          <fieldNameList>footprint</fieldNameList>
        </ImportFieldValues>
        <!-- SS     Set Statistics -->
        <!-- http://desktop.arcgis.com/en/arcmap/latest/tools/data-management-toolbox/set-raster-properties.htm -->
        <SetStatistics>
          <data_type>GENERIC;ELEVATION;THEMATIC;PROCESSED</data_type>
          <statistics>[[band_index, min, max, mean, std_dev],...]</statistics>
          <stats_file>stats_file</stats_file>
          <nodata>nodata</nodata>
        </SetStatistics>
        <!-- DF Delete Field -->
        <!-- http://desktop.arcgis.com/en/arcmap/latest/tools/data-management-toolbox/delete-field.htm-->
        <DeleteField>
          <drop_field>test1;test2;test3;test4</drop_field>
        </DeleteField>
        <!-- DO     Define Overviews -->
        <!-- http://desktop.arcgis.com/en/arcmap/latest/tools/data-management-toolbox/define-overviews.htm -->		
        <DefineOverviews>
          <overview_image_folder>overview_image_folder</overview_image_folder>
          <in_template_dataset>in_template_dataset</in_template_dataset>
          <extent>extent</extent>
          <pixel_size>pixel_size</pixel_size>
          <number_of_levels>number_of_levels</number_of_levels>
          <tile_rows>tile_rows</tile_rows>
          <tile_cols>tile_cols</tile_cols>
          <overview_factor>overview_factor</overview_factor>
          <force_overview_tiles>NO_FORCE_OVERVIEW_TILES;FORCE_OVERVIEW_TILES</force_overview_tiles>
          <resampling_method>NEAREST;BILINEAR;CUBIC</resampling_method>
          <compression_method>JPEG;JPEG_YCbCr;None;LZW</compression_method>
          <compression_quality>0-100</compression_quality>
        </DefineOverviews>
        <!-- BO     Build Overviews -->
        <!-- http://desktop.arcgis.com/en/arcmap/latest/tools/data-management-toolbox/build-overviews.htm -->		
        <BuildOverviews>
          <where_clause>where_clause</where_clause>
          <define_missing_tiles>DEFINE_MISSING_TILES;NO_DEFINE_MISSING_TILES</define_missing_tiles>
          <generate_overviews>GENERATE_OVERVIEWS;NO_GENERATE_OVERVIEWS</generate_overviews>
          <generate_missing_images>GENERATE_MISSING_IMAGES;IGNORE_MISSING_IMAGES</generate_missing_images>
          <regenerate_stale_images>REGENERATE_STALE_IMAGES;IGNORE_STALE_IMAGES</regenerate_stale_images>
        </BuildOverviews>
        <!-- MMDI     Merge Mosaic Dataset Items-->
        <!-- http://desktop.arcgis.com/en/arcmap/latest/tools/data-management-toolbox/merge-mosaic-dataset-items.htm -->
        <MergeMosaicDatasetItems>
          <where_clause>where_clause</where_clause>
          <block_field>field_name_to_be_used</block_field>
          <max_rows_per_merged_items></max_rows_per_merged_items>
        </MergeMosaicDatasetItems>
        <!-- DMD     Delete Mosaic Dataset -->
        <!-- http://desktop.arcgis.com/en/arcmap/latest/tools/data-management-toolbox/delete-mosaic-dataset.htm -->
        <DeleteMosaicDataset>
          <delete_overview_images>DELETE_OVERVIEW_IMAGES;NO_DELETE_OVERVIEW_IMAGES</delete_overview_images>
          <delete_item_cache>DELETE_ITEM_CACHE;NO_DELETE_ITEM_CACHE</delete_item_cache>
        </DeleteMosaicDataset>
        <!-- RRFMD     Remove Rasters from Mosaic Dataset -->
        <!-- http://desktop.arcgis.com/en/arcmap/latest/tools/data-management-toolbox/remove-rasters-from-mosaic-dataset.htm -->
        <RemoveRastersFromMosaicDataset>
          <where_clause></where_clause>
          <update_boundary></update_boundary>
          <mark_overviews_items>UPDATE_BOUNDARY;NO_BOUNDARY</mark_overviews_items>
          <delete_overview_images>MARK_OVERVIEW_ITEMS;NO_MARK_OVERVIEW_ITEMS</delete_overview_images>
          <delete_item_cache>DELETE_ITEM_CACHE;NO_DELETE_ITEM_CACHE</delete_item_cache>
          <remove_items>REMOVE_MOSAICDATASET_ITEMS;NO_REMOVE_MOSAICDATASET_ITEMS</remove_items>
          <update_cellsize_ranges>UPDATE_CELL_SIZES;NO_CELL_SIZES</update_cellsize_ranges>
        </RemoveRastersFromMosaicDataset>
        <!-- RP     Repairing mosaic dataset paths -->
        <!-- http://desktop.arcgis.com/en/arcmap/latest/tools/data-management-toolbox/repair-mosaic-dataset-paths.htm -->
        <RepairMosaicDatasetPaths>
          <where_clause></where_clause>
          <paths_list></paths_list>
        </RepairMosaicDatasetPaths>
		
        <!-- RI     Remove Attribute Index -->
        <!-- http://desktop.arcgis.com/en/arcmap/latest/tools/data-management-toolbox/remove-attribute-index.htm -->
        <RemoveIndex>
          <index_name>[index_name,...]</index_name>
        </RemoveIndex>
        <!-- AI     Add Attribute Index -->
        <!-- http://desktop.arcgis.com/en/arcmap/latest/tools/data-management-toolbox/add-attribute-index.htm -->
        <AddIndex>
          <Index>
            <fields>name_of_field_to_be_indexed</fields>
            <index_name>index_name</index_name>
            <unique>unique</unique>
            <ascending>ascending</ascending>
          </Index>
          <Index>
            <fields>name_of_field_to_be_indexed</fields>
            <index_name>index_name</index_name>
            <unique>unique</unique>
            <ascending>ascending</ascending>
          </Index>
        </AddIndex>
        <CacheFeatureClass>
          <out_cache_featureclass>path_of_output_FC_with_name</out_cache_featureclass>
        </CacheFeatureClass>
        <!-- JF     Joing Fields -->
        <!-- http://desktop.arcgis.com/en/arcmap/latest/tools/data-management-toolbox/join-field.htm -->
        <JoinField>
          <in_data>d:\test.gdb\AMD_mdName_SML</in_data>
          <in_field>RasterID</in_field>
          <join_table>d:\test.gdb\AMD_mdName_CAT</join_table>
          <join_field>OBJECTID</join_field>
          <fields>list_of_fields_to_joined</fields>
        </JoinField>
        <!-- CV     Calculate Values -->
        <!-- http://desktop.arcgis.com/en/arcmap/latest/tools/data-management-toolbox/calculate-field.htm -->
        <CalculateValues>
          <CalculateValue>
            <query>"Dataset_ID"='IntermapDSM'</query>
            <fieldName>MaxPS</fieldName>
            <expression>extv(!Dataset_ID!)</expression>
            <expression_type>PYTHON</expression_type>
            <code_block>"""def extv(value):\n  if value == "mn75_grd_m":\n     extv_ = 463\n     return extv_\n  if value == "mn30_grd_m":\n     extv_ = 7400\n     return extv_\n  if value == "mn15_grd_m":\n     extv_ = 926\n     return extv_\n  if value == "mnGMTED_OV":\n     extv_ = 30000\n     return extv_\n  if value == "mnGMTED_fi":\n     extv_ = 7400\n     return extv_\n  else:   return "7400"/n"""</code_block>
          </CalculateValue>
          <CalculateValue>
            <query>"Dataset_ID=XYZ"</query>
            <fieldName>MinPS</fieldName>
            <expression>[LowPS]</expression>
          </CalculateValue>
          <CalculateValue>
            <fieldName>DayOfYear</fieldName>
            <expression>DatePart ("y",[AcquisitionDate] )</expression>
          </CalculateValue>
        </CalculateValues>
        <!-- MTC     Manage Tile Cache -->
        <!-- http://desktop.arcgis.com/en/arcmap/latest/tools/data-management-toolbox/manage-tile-cache.htm -->
        <ManageTileCache>
          <in_cache_location></in_cache_location>
          <manage_mode>RECREATE_ALL_TILES</manage_mode>
          <in_cache_name></in_cache_name>
          <tiling_scheme>IMPORT_SCHEME</tiling_scheme>
          <import_tiling_scheme>user_defined_tiling_scheme.xml</import_tiling_scheme>
          <scales>#</scales>
          <area_of_interest>#</area_of_interest>
          <max_cell_size>#</max_cell_size>
        </ManageTileCache>
        <!-- ETC     Export Tile Cache -->
        <!-- http://desktop.arcgis.com/en/arcmap/latest/tools/data-management-toolbox/export-tile-cache.htm -->
        <ExportTileCache>
          <in_cache_source></in_cache_source>
          <in_target_cache_folder></in_target_cache_folder>
          <in_target_cache_name></in_target_cache_name>
          <export_cache_type>TILE_PACKAGE</export_cache_type>
          <storage_format_type>COMPACT</storage_format_type>
          <scales>#</scales>
          <area_of_interest>#</area_of_interest>
        </ExportTileCache>
        <!-- STP     Share Package -->
        <!-- http://desktop.arcgis.com/en/arcmap/latest/tools/data-management-toolbox/share-package.htm -->
        <SharePackage>
          <in_package>a_tpk_file_with_file_ext.tpk</in_package>
          <username></username>
          <password></password>
          <summary>Published using MDCS</summary>
          <tags>mdcs;cache</tags>
          <credits>Raster Solutions Team</credits>
          <public>MYGROUPS</public>
          <groups>#</groups>
        </SharePackage>
        <!-- SE     Set Environments -->
        <!-- http://desktop.arcgis.com/en/arcmap/latest/tools/environments/an-overview-of-raster-storage-settings.htm -->
        <!-- http://desktop.arcgis.com/en/arcmap/latest/tools/environments/parallel-processing-factor.htm -->
        <Environment>
          <cellSize></cellSize>
          <mask></mask>
          <compression></compression>
          <nodata></nodata>
          <pyramid>
            <pyramid_option></pyramid_option>
            <levels></levels>
            <interpolation_type></interpolation_type>
            <pyramid_compression></pyramid_compression>
            <compression_quality></compression_quality>
            <skip_first></skip_first>
          </pyramid>
          <rasterStatistics>
            <calculate_statistics></calculate_statistics>
            <x_skip_factor></x_skip_factor>
            <y_skip_factor></y_skip_factor>
            <statistics_ignore_value></statistics_ignore_value>
          </rasterStatistics>
          <resample></resample>
          <tileSize></tileSize>
          <parallelProcessingFactor></parallelProcessingFactor>
        </Environment>
        <!-- CP Compact File Geodatabase -->
        <!-- This command does not have any arguments so needs only to be mentioned at command line -->
        <!--  http://desktop.arcgis.com/en/arcmap/latest/tools/data-management-toolbox/compact.htm -->
        <!-- EMDG Exports feature classes for the footprint, boundary, seamline, or resolution levels of a mosaic dataset-->
        <!-- http://desktop.arcgis.com/en/arcmap/latest/tools/data-management-toolbox/export-mosaic-dataset-geometry.htm-->
        <ExportMosaicDatasetGeometry>
          <out_feature_class></out_feature_class>
          <where_clause />
          <geometry_type />
        </ExportMosaicDatasetGeometry>
        <!-- EMDI Creates a copy of your processed images within a mosaic dataset to a specified folder and raster file format -->
        <!-- http://desktop.arcgis.com/en/arcmap/latest/tools/data-management-toolbox/export-mosaic-dataset-items.htm -->
        <ExportMosaicDatasetItems>
          <out_folder></out_folder>
          <where_clause />
          <out_base_name />
          <format />
          <nodata_value />
          <clip_type />
          <template_dataset />
          <cell_size />
        </ExportMosaicDatasetItems>
        <!-- SMDI Splits mosaic dataset items that were merged together using Merge Mosaic Dataset Items -->
        <!-- http://desktop.arcgis.com/en/arcmap/latest/tools/data-management-toolbox/split-mosaic-dataset-items.htm -->
        <SplitMosaicDatasetItems>
          <where_clause />
        </SplitMosaicDatasetItems>
        <!-- CSDD Create an image service definition draft file -->
        <!-- http://desktop.arcgis.com/en/arcmap/latest/analyze/arcpy-functions/createimagesddraft.htm -->
        <CreateImageSDDraft>
          <out_sddraft></out_sddraft>
          <service_name></service_name>
          <server_type />
          <connection_file_path />
          <copy_data_to_server />
          <folder_name />
          <summary />
          <tags />
        </CreateImageSDDraft>
        <!-- STS Stages a service definition -->
        <!-- http://desktop.arcgis.com/en/arcmap/latest/tools/server-toolbox/stage-service.htm-->
        <StageService_server>
          <in_service_definition_draft></in_service_definition_draft>
          <out_service_definition></out_service_definition>
        </StageService_server>
        <!-- USD Uploads and publishes a service definition to a specified server -->
        <!-- http://desktop.arcgis.com/en/arcmap/latest/tools/server-toolbox/upload-service-definition.htm -->
        <UploadServiceDefinition_server>
          <in_sd_file></in_sd_file>
          <in_server></in_server>
          <in_service_name />
          <in_cluster />
          <in_folder_type />
          <in_folder />
          <in_startupType />
          <in_override />
          <in_my_contents />
          <in_public />
          <in_organization />
          <in_groups />
        </UploadServiceDefinition_server>
      </Processes>
    </MosaicDataset>
  </Workspace>
</Application>
