<RasterType xsi:type='typens:RasterType' xmlns:xsi='http://www.w3.org/2001/XMLSchema-instance' xmlns:xs='http://www.w3.org/2001/XMLSchema' xmlns:typens='http://www.esri.com/schemas/ArcGIS/10.3'><Names xsi:type='typens:ArrayOfString'><String>RasterBuilder</String><String>Name</String><String>ItemTemplates</String><String>Aliases</String><String>Version</String><String>Description</String><String>InputDataSourceTypes</String><String>DataSourceFilter</String><String>SupportsOrthorectification</String><String>SupportsStereo</String><String>SupportsSeamline</String><String>EnableClipToFootprint</String><String>AllowSimplification</String><String>IsSensorRasterType</String><String>SupportsColorCorrection</String><String>SupportedURIFilters</String><String>FactoryCLSID</String><String>FullName</String><String>AddRastersParameters</String><String>SynchronizeParameters</String></Names><Values xsi:type='typens:ArrayOfAnyType'><AnyType xsi:type='typens:Sentinel2Builder'><Names xsi:type='typens:ArrayOfString'><String>AuxiliaryFields</String><String>AuxiliaryFieldAlias</String><String>ParentRasterTypeName</String><String>Properties</String></Names><Values xsi:type='typens:ArrayOfAnyType'><AnyType xsi:type='typens:Fields'><FieldArray xsi:type='typens:ArrayOfField'><Field xsi:type='typens:Field'><Name>SensorName</Name><Type>esriFieldTypeString</Type><IsNullable>true</IsNullable><Length>20</Length><Precision>0</Precision><Scale>0</Scale><AliasName>Sensor Name</AliasName></Field><Field xsi:type='typens:Field'><Name>AcquisitionDate</Name><Type>esriFieldTypeDate</Type><IsNullable>true</IsNullable><Length>50</Length><Precision>0</Precision><Scale>0</Scale><AliasName>Acquisition Date</AliasName></Field><Field xsi:type='typens:Field'><Name>SensingOrbit</Name><Type>esriFieldTypeInteger</Type><IsNullable>true</IsNullable><Length>0</Length><Precision>20</Precision><Scale>9</Scale><AliasName>Sensing Orbit</AliasName></Field><Field xsi:type='typens:Field'><Name>CloudCover</Name><Type>esriFieldTypeDouble</Type><IsNullable>true</IsNullable><Length>0</Length><Precision>20</Precision><Scale>9</Scale><AliasName>Cloud Cover</AliasName></Field></FieldArray></AnyType><AnyType xsi:type='typens:PropertySet'><PropertyArray xsi:type='typens:ArrayOfPropertySetProperty'><PropertySetProperty xsi:type='typens:PropertySetProperty'><Key>SensorName</Key><Value xsi:type='xs:string'>SensorName</Value></PropertySetProperty><PropertySetProperty xsi:type='typens:PropertySetProperty'><Key>AcquisitionDate</Key><Value xsi:type='xs:string'>AcquisitionDate</Value></PropertySetProperty><PropertySetProperty xsi:type='typens:PropertySetProperty'><Key>SensingOrbit</Key><Value xsi:type='xs:string'>SensingOrbit</Value></PropertySetProperty><PropertySetProperty xsi:type='typens:PropertySetProperty'><Key>CloudCover</Key><Value xsi:type='xs:string'>CloudCover</Value></PropertySetProperty></PropertyArray></AnyType><AnyType xsi:type='xs:string'>Sentinel-2</AnyType><AnyType xsi:type='typens:PropertySet'><PropertyArray xsi:type='typens:ArrayOfPropertySetProperty'><PropertySetProperty xsi:type='typens:PropertySetProperty'><Key>BandProperties</Key><Value xsi:type='typens:ArrayOfArgument'><Argument xsi:type='typens:PropertySet'><PropertyArray xsi:type='typens:ArrayOfPropertySetProperty'><PropertySetProperty xsi:type='typens:PropertySetProperty'><Key>BandName</Key><Value xsi:type='xs:string'>B1</Value></PropertySetProperty><PropertySetProperty xsi:type='typens:PropertySetProperty'><Key>WavelengthMin</Key><Value xsi:type='xs:double'>433</Value></PropertySetProperty><PropertySetProperty xsi:type='typens:PropertySetProperty'><Key>WavelengthMax</Key><Value xsi:type='xs:double'>453</Value></PropertySetProperty><PropertySetProperty xsi:type='typens:PropertySetProperty'><Key>DatasetTag</Key><Value xsi:type='xs:string'>MS-60</Value></PropertySetProperty><PropertySetProperty xsi:type='typens:PropertySetProperty'><Key>BandIndex</Key><Value xsi:type='xs:int'>0</Value></PropertySetProperty></PropertyArray></Argument><Argument xsi:type='typens:PropertySet'><PropertyArray xsi:type='typens:ArrayOfPropertySetProperty'><PropertySetProperty xsi:type='typens:PropertySetProperty'><Key>BandName</Key><Value xsi:type='xs:string'>B2</Value></PropertySetProperty><PropertySetProperty xsi:type='typens:PropertySetProperty'><Key>WavelengthMin</Key><Value xsi:type='xs:double'>458</Value></PropertySetProperty><PropertySetProperty xsi:type='typens:PropertySetProperty'><Key>WavelengthMax</Key><Value xsi:type='xs:double'>522</Value></PropertySetProperty><PropertySetProperty xsi:type='typens:PropertySetProperty'><Key>DatasetTag</Key><Value xsi:type='xs:string'>MS-10</Value></PropertySetProperty><PropertySetProperty xsi:type='typens:PropertySetProperty'><Key>BandIndex</Key><Value xsi:type='xs:int'>0</Value></PropertySetProperty></PropertyArray></Argument><Argument xsi:type='typens:PropertySet'><PropertyArray xsi:type='typens:ArrayOfPropertySetProperty'><PropertySetProperty xsi:type='typens:PropertySetProperty'><Key>BandName</Key><Value xsi:type='xs:string'>B3</Value></PropertySetProperty><PropertySetProperty xsi:type='typens:PropertySetProperty'><Key>WavelengthMin</Key><Value xsi:type='xs:double'>543</Value></PropertySetProperty><PropertySetProperty xsi:type='typens:PropertySetProperty'><Key>WavelengthMax</Key><Value xsi:type='xs:double'>577</Value></PropertySetProperty><PropertySetProperty xsi:type='typens:PropertySetProperty'><Key>DatasetTag</Key><Value xsi:type='xs:string'>MS-10</Value></PropertySetProperty><PropertySetProperty xsi:type='typens:PropertySetProperty'><Key>BandIndex</Key><Value xsi:type='xs:int'>1</Value></PropertySetProperty></PropertyArray></Argument><Argument xsi:type='typens:PropertySet'><PropertyArray xsi:type='typens:ArrayOfPropertySetProperty'><PropertySetProperty xsi:type='typens:PropertySetProperty'><Key>BandName</Key><Value xsi:type='xs:string'>B4</Value></PropertySetProperty><PropertySetProperty xsi:type='typens:PropertySetProperty'><Key>WavelengthMin</Key><Value xsi:type='xs:double'>650</Value></PropertySetProperty><PropertySetProperty xsi:type='typens:PropertySetProperty'><Key>WavelengthMax</Key><Value xsi:type='xs:double'>680</Value></PropertySetProperty><PropertySetProperty xsi:type='typens:PropertySetProperty'><Key>DatasetTag</Key><Value xsi:type='xs:string'>MS-10</Value></PropertySetProperty><PropertySetProperty xsi:type='typens:PropertySetProperty'><Key>BandIndex</Key><Value xsi:type='xs:int'>2</Value></PropertySetProperty></PropertyArray></Argument><Argument xsi:type='typens:PropertySet'><PropertyArray xsi:type='typens:ArrayOfPropertySetProperty'><PropertySetProperty xsi:type='typens:PropertySetProperty'><Key>BandName</Key><Value xsi:type='xs:string'>B5</Value></PropertySetProperty><PropertySetProperty xsi:type='typens:PropertySetProperty'><Key>WavelengthMin</Key><Value xsi:type='xs:double'>698</Value></PropertySetProperty><PropertySetProperty xsi:type='typens:PropertySetProperty'><Key>WavelengthMax</Key><Value xsi:type='xs:double'>712</Value></PropertySetProperty><PropertySetProperty xsi:type='typens:PropertySetProperty'><Key>DatasetTag</Key><Value xsi:type='xs:string'>MS-20</Value></PropertySetProperty><PropertySetProperty xsi:type='typens:PropertySetProperty'><Key>BandIndex</Key><Value xsi:type='xs:int'>0</Value></PropertySetProperty></PropertyArray></Argument><Argument xsi:type='typens:PropertySet'><PropertyArray xsi:type='typens:ArrayOfPropertySetProperty'><PropertySetProperty xsi:type='typens:PropertySetProperty'><Key>BandName</Key><Value xsi:type='xs:string'>B6</Value></PropertySetProperty><PropertySetProperty xsi:type='typens:PropertySetProperty'><Key>WavelengthMin</Key><Value xsi:type='xs:double'>733</Value></PropertySetProperty><PropertySetProperty xsi:type='typens:PropertySetProperty'><Key>WavelengthMax</Key><Value xsi:type='xs:double'>747</Value></PropertySetProperty><PropertySetProperty xsi:type='typens:PropertySetProperty'><Key>DatasetTag</Key><Value xsi:type='xs:string'>MS-20</Value></PropertySetProperty><PropertySetProperty xsi:type='typens:PropertySetProperty'><Key>BandIndex</Key><Value xsi:type='xs:int'>1</Value></PropertySetProperty></PropertyArray></Argument><Argument xsi:type='typens:PropertySet'><PropertyArray xsi:type='typens:ArrayOfPropertySetProperty'><PropertySetProperty xsi:type='typens:PropertySetProperty'><Key>BandName</Key><Value xsi:type='xs:string'>B7</Value></PropertySetProperty><PropertySetProperty xsi:type='typens:PropertySetProperty'><Key>WavelengthMin</Key><Value xsi:type='xs:double'>773</Value></PropertySetProperty><PropertySetProperty xsi:type='typens:PropertySetProperty'><Key>WavelengthMax</Key><Value xsi:type='xs:double'>793</Value></PropertySetProperty><PropertySetProperty xsi:type='typens:PropertySetProperty'><Key>DatasetTag</Key><Value xsi:type='xs:string'>MS-20</Value></PropertySetProperty><PropertySetProperty xsi:type='typens:PropertySetProperty'><Key>BandIndex</Key><Value xsi:type='xs:int'>2</Value></PropertySetProperty></PropertyArray></Argument><Argument xsi:type='typens:PropertySet'><PropertyArray xsi:type='typens:ArrayOfPropertySetProperty'><PropertySetProperty xsi:type='typens:PropertySetProperty'><Key>BandName</Key><Value xsi:type='xs:string'>B8</Value></PropertySetProperty><PropertySetProperty xsi:type='typens:PropertySetProperty'><Key>WavelengthMin</Key><Value xsi:type='xs:double'>784</Value></PropertySetProperty><PropertySetProperty xsi:type='typens:PropertySetProperty'><Key>WavelengthMax</Key><Value xsi:type='xs:double'>899</Value></PropertySetProperty><PropertySetProperty xsi:type='typens:PropertySetProperty'><Key>DatasetTag</Key><Value xsi:type='xs:string'>MS-10</Value></PropertySetProperty><PropertySetProperty xsi:type='typens:PropertySetProperty'><Key>BandIndex</Key><Value xsi:type='xs:int'>3</Value></PropertySetProperty></PropertyArray></Argument><Argument xsi:type='typens:PropertySet'><PropertyArray xsi:type='typens:ArrayOfPropertySetProperty'><PropertySetProperty xsi:type='typens:PropertySetProperty'><Key>BandName</Key><Value xsi:type='xs:string'>B8A</Value></PropertySetProperty><PropertySetProperty xsi:type='typens:PropertySetProperty'><Key>WavelengthMin</Key><Value xsi:type='xs:double'>855</Value></PropertySetProperty><PropertySetProperty xsi:type='typens:PropertySetProperty'><Key>WavelengthMax</Key><Value xsi:type='xs:double'>875</Value></PropertySetProperty><PropertySetProperty xsi:type='typens:PropertySetProperty'><Key>DatasetTag</Key><Value xsi:type='xs:string'>MS-20</Value></PropertySetProperty><PropertySetProperty xsi:type='typens:PropertySetProperty'><Key>BandIndex</Key><Value xsi:type='xs:int'>3</Value></PropertySetProperty></PropertyArray></Argument><Argument xsi:type='typens:PropertySet'><PropertyArray xsi:type='typens:ArrayOfPropertySetProperty'><PropertySetProperty xsi:type='typens:PropertySetProperty'><Key>BandName</Key><Value xsi:type='xs:string'>B9</Value></PropertySetProperty><PropertySetProperty xsi:type='typens:PropertySetProperty'><Key>WavelengthMin</Key><Value xsi:type='xs:double'>935</Value></PropertySetProperty><PropertySetProperty xsi:type='typens:PropertySetProperty'><Key>WavelengthMax</Key><Value xsi:type='xs:double'>955</Value></PropertySetProperty><PropertySetProperty xsi:type='typens:PropertySetProperty'><Key>DatasetTag</Key><Value xsi:type='xs:string'>MS-60</Value></PropertySetProperty><PropertySetProperty xsi:type='typens:PropertySetProperty'><Key>BandIndex</Key><Value xsi:type='xs:int'>1</Value></PropertySetProperty></PropertyArray></Argument><Argument xsi:type='typens:PropertySet'><PropertyArray xsi:type='typens:ArrayOfPropertySetProperty'><PropertySetProperty xsi:type='typens:PropertySetProperty'><Key>BandName</Key><Value xsi:type='xs:string'>B10</Value></PropertySetProperty><PropertySetProperty xsi:type='typens:PropertySetProperty'><Key>WavelengthMin</Key><Value xsi:type='xs:double'>1360</Value></PropertySetProperty><PropertySetProperty xsi:type='typens:PropertySetProperty'><Key>WavelengthMax</Key><Value xsi:type='xs:double'>1390</Value></PropertySetProperty><PropertySetProperty xsi:type='typens:PropertySetProperty'><Key>DatasetTag</Key><Value xsi:type='xs:string'>MS-60</Value></PropertySetProperty><PropertySetProperty xsi:type='typens:PropertySetProperty'><Key>BandIndex</Key><Value xsi:type='xs:int'>2</Value></PropertySetProperty></PropertyArray></Argument><Argument xsi:type='typens:PropertySet'><PropertyArray xsi:type='typens:ArrayOfPropertySetProperty'><PropertySetProperty xsi:type='typens:PropertySetProperty'><Key>BandName</Key><Value xsi:type='xs:string'>B11</Value></PropertySetProperty><PropertySetProperty xsi:type='typens:PropertySetProperty'><Key>WavelengthMin</Key><Value xsi:type='xs:double'>1565</Value></PropertySetProperty><PropertySetProperty xsi:type='typens:PropertySetProperty'><Key>WavelengthMax</Key><Value xsi:type='xs:double'>1655</Value></PropertySetProperty><PropertySetProperty xsi:type='typens:PropertySetProperty'><Key>DatasetTag</Key><Value xsi:type='xs:string'>MS-20</Value></PropertySetProperty><PropertySetProperty xsi:type='typens:PropertySetProperty'><Key>BandIndex</Key><Value xsi:type='xs:int'>4</Value></PropertySetProperty></PropertyArray></Argument><Argument xsi:type='typens:PropertySet'><PropertyArray xsi:type='typens:ArrayOfPropertySetProperty'><PropertySetProperty xsi:type='typens:PropertySetProperty'><Key>BandName</Key><Value xsi:type='xs:string'>B12</Value></PropertySetProperty><PropertySetProperty xsi:type='typens:PropertySetProperty'><Key>WavelengthMin</Key><Value xsi:type='xs:double'>2100</Value></PropertySetProperty><PropertySetProperty xsi:type='typens:PropertySetProperty'><Key>WavelengthMax</Key><Value xsi:type='xs:double'>2280</Value></PropertySetProperty><PropertySetProperty xsi:type='typens:PropertySetProperty'><Key>DatasetTag</Key><Value xsi:type='xs:string'>MS-20</Value></PropertySetProperty><PropertySetProperty xsi:type='typens:PropertySetProperty'><Key>BandIndex</Key><Value xsi:type='xs:int'>5</Value></PropertySetProperty></PropertyArray></Argument></Value></PropertySetProperty><PropertySetProperty xsi:type='typens:PropertySetProperty'><Key>BandDefinitionKeyword</Key><Value xsi:type='xs:string'>Sentinel2</Value></PropertySetProperty><PropertySetProperty xsi:type='typens:PropertySetProperty'><Key>BandDefinitionFriendlyName</Key><Value xsi:type='xs:string'>SENTINEL2_13BANDS</Value></PropertySetProperty><PropertySetProperty xsi:type='typens:PropertySetProperty'><Key>DefaultBandCount</Key><Value xsi:type='xs:int'>3</Value></PropertySetProperty></PropertyArray></AnyType></Values></AnyType><AnyType xsi:type='xs:string'>Sentinel2_MS</AnyType><AnyType xsi:type='typens:ArrayOfItemTemplate' xmlns:typens='http://www.esri.com/schemas/ArcGIS/10.0'><ItemTemplate xsi:type='typens:ItemTemplate'><Name>Multispectral</Name><Enabled>true</Enabled><IntersectFootprints>false</IntersectFootprints><OutputDatasetTag></OutputDatasetTag><PrimaryInputDatasetTag></PrimaryInputDatasetTag><FunctionTemplate xsi:type='typens:RasterFunctionTemplate'><Name>Raster Function Template</Name><Description>A raster function template.</Description><Function xsi:type='typens:IdentityFunction'><Name>Identity Function</Name><Description>A No-Op Function.</Description><PixelType>UNKNOWN</PixelType></Function><Arguments xsi:type='typens:RasterFunctionVariable'><Name>Dataset</Name><Description></Description><Value></Value><Aliases xsi:type='typens:ArrayOfString'><String>MS</String></Aliases><IsDataset>true</IsDataset></Arguments><Help></Help><Type>0</Type><Thumbnail></Thumbnail><Definition></Definition><Group></Group><Tag></Tag></FunctionTemplate><SupportsEnhancement>false</SupportsEnhancement><IsEnhancementEnabled>true</IsEnhancementEnabled><IntersectFootprints>false</IntersectFootprints><AncillaryDatasets xsi:nil='true'/><AncillaryFunctionTemplateNames xsi:nil='true'/><PrimaryChainConnectorVariables xsi:nil='true'/></ItemTemplate><ItemTemplate xsi:type='typens:ItemTemplate'><Name>Multispectral-10m</Name><Enabled>false</Enabled><IntersectFootprints>false</IntersectFootprints><OutputDatasetTag></OutputDatasetTag><PrimaryInputDatasetTag></PrimaryInputDatasetTag><FunctionTemplate xsi:type='typens:RasterFunctionTemplate'><Name>Raster Function Template</Name><Description>A raster function template.</Description><Function xsi:type='typens:IdentityFunction'><Name>Identity Function</Name><Description>A No-Op Function.</Description><PixelType>UNKNOWN</PixelType></Function><Arguments xsi:type='typens:RasterFunctionVariable'><Name>Dataset</Name><Description></Description><Value></Value><Aliases xsi:type='typens:ArrayOfString'><String>MS-10</String></Aliases><IsDataset>true</IsDataset></Arguments><Help></Help><Type>0</Type><Thumbnail></Thumbnail><Definition></Definition><Group></Group><Tag></Tag></FunctionTemplate><SupportsEnhancement>false</SupportsEnhancement><IsEnhancementEnabled>true</IsEnhancementEnabled><IntersectFootprints>false</IntersectFootprints><AncillaryDatasets xsi:nil='true'/><AncillaryFunctionTemplateNames xsi:nil='true'/><PrimaryChainConnectorVariables xsi:nil='true'/></ItemTemplate><ItemTemplate xsi:type='typens:ItemTemplate'><Name>Multispectral-20m</Name><Enabled>false</Enabled><IntersectFootprints>false</IntersectFootprints><OutputDatasetTag></OutputDatasetTag><PrimaryInputDatasetTag></PrimaryInputDatasetTag><FunctionTemplate xsi:type='typens:RasterFunctionTemplate'><Name>Raster Function Template</Name><Description>A raster function template.</Description><Function xsi:type='typens:IdentityFunction'><Name>Identity Function</Name><Description>A No-Op Function.</Description><PixelType>UNKNOWN</PixelType></Function><Arguments xsi:type='typens:RasterFunctionVariable'><Name>Dataset</Name><Description></Description><Value></Value><Aliases xsi:type='typens:ArrayOfString'><String>MS-20</String></Aliases><IsDataset>true</IsDataset></Arguments><Help></Help><Type>0</Type><Thumbnail></Thumbnail><Definition></Definition><Group></Group><Tag></Tag></FunctionTemplate><SupportsEnhancement>false</SupportsEnhancement><IsEnhancementEnabled>true</IsEnhancementEnabled><IntersectFootprints>false</IntersectFootprints><AncillaryDatasets xsi:nil='true'/><AncillaryFunctionTemplateNames xsi:nil='true'/><PrimaryChainConnectorVariables xsi:nil='true'/></ItemTemplate><ItemTemplate xsi:type='typens:ItemTemplate'><Name>Multispectral-60m</Name><Enabled>false</Enabled><IntersectFootprints>false</IntersectFootprints><OutputDatasetTag></OutputDatasetTag><PrimaryInputDatasetTag></PrimaryInputDatasetTag><FunctionTemplate xsi:type='typens:RasterFunctionTemplate'><Name>Raster Function Template</Name><Description>A raster function template.</Description><Function xsi:type='typens:IdentityFunction'><Name>Identity Function</Name><Description>A No-Op Function.</Description><PixelType>UNKNOWN</PixelType></Function><Arguments xsi:type='typens:RasterFunctionVariable'><Name>Dataset</Name><Description></Description><Value></Value><Aliases xsi:type='typens:ArrayOfString'><String>MS-60</String></Aliases><IsDataset>true</IsDataset></Arguments><Help></Help><Type>0</Type><Thumbnail></Thumbnail><Definition></Definition><Group></Group><Tag></Tag></FunctionTemplate><SupportsEnhancement>false</SupportsEnhancement><IsEnhancementEnabled>true</IsEnhancementEnabled><IntersectFootprints>false</IntersectFootprints><AncillaryDatasets xsi:nil='true'/><AncillaryFunctionTemplateNames xsi:nil='true'/><PrimaryChainConnectorVariables xsi:nil='true'/></ItemTemplate><ItemTemplate xsi:type='typens:ItemTemplate'><Name>All Bands</Name><Enabled>false</Enabled><IntersectFootprints>false</IntersectFootprints><OutputDatasetTag></OutputDatasetTag><PrimaryInputDatasetTag></PrimaryInputDatasetTag><FunctionTemplate xsi:nil='true'/><SupportsEnhancement>false</SupportsEnhancement><IsEnhancementEnabled>true</IsEnhancementEnabled><IntersectFootprints>false</IntersectFootprints><AncillaryDatasets xsi:nil='true'/><AncillaryFunctionTemplateNames xsi:nil='true'/><PrimaryChainConnectorVariables xsi:nil='true'/></ItemTemplate></AnyType><AnyType xsi:type='typens:ArrayOfString'></AnyType><AnyType xsi:type='xs:int'>1</AnyType><AnyType xsi:type='xs:string'>Sentinel-2 rastertype supports Level-1C products by extracting metadata from the associated .xml metadata files. 

Level 1C is a orthorectified product that provides Top-of-Atmosphere reflectance values.</AnyType><AnyType xsi:type='xs:int'>3</AnyType><AnyType xsi:type='xs:string'>*S2A*.xml</AnyType><AnyType xsi:type='xs:boolean'>true</AnyType><AnyType xsi:type='xs:boolean'>false</AnyType><AnyType xsi:type='xs:boolean'>false</AnyType><AnyType xsi:type='xs:boolean'>true</AnyType><AnyType xsi:type='xs:boolean'>true</AnyType><AnyType xsi:type='xs:boolean'>true</AnyType><AnyType xsi:type='xs:boolean'>false</AnyType><AnyType xsi:type='typens:ArrayOfArgument'><Argument xsi:type='typens:URIProductNameFilter'><Names xsi:type='typens:ArrayOfString'><String>Name</String><String>ProductNames</String><String>SupportsOrthorectification</String></Names><Values xsi:type='typens:ArrayOfAnyType'><AnyType xsi:type='xs:string'>Level1</AnyType><AnyType xsi:type='typens:ArrayOfString'><String>Level1</String><String>S2MSI1B</String><String>S2MSI1C</String></AnyType><AnyType xsi:type='xs:boolean'>false</AnyType></Values></Argument></AnyType><AnyType xsi:type='typens:UID'><UID xsi:type='xs:string'>{8F2800F4-5842-47DF-AD1D-2077A7966BBF}</UID></AnyType><AnyType xsi:type='typens:RasterTypeName'><Name>Sentinel-2</Name><InstanceID>-1</InstanceID><MosaicDatasetName xsi:nil='true'/></AnyType><AnyType xsi:nil='true'/><AnyType xsi:nil='true'/></Values></RasterType>