<?xml version="1.0" ?>
<Projects>
	<MDCS>
		<StartTime>20151214T165414</StartTime>
		<EndTime>20151214T165420</EndTime>
		<TotalDuration>6</TotalDuration>
		<Message>Using template:c:\Image_Mgmt_Workflow\sentinel2\v2\Parameter\Config\Sentinel2\GP_S_Sentinel2_MS.xml</Message>
		<Message>Processing command(s):SP</Message>
		<Message>Done...</Message>
		<SP>
			<Message>
				Command:SP-&gt;Set mosaic dataset properties.
				<Error>
					<type>warning</type>
					<text>Original args may have been updated through custom code.</text>
				</Error>
			</Message>
			<Message>Calling (arcpy.SetMosaicDatasetProperties_management)</Message>
			<Message>Status: OK</Message>
			<Status>OK</Status>
			<Duration>6</Duration>
		</SP>
	</MDCS>
</Projects>
