﻿<?xml version="1.0" encoding="utf-8"?>
<Application>
  <Name>Sentinel2</Name>
  <Command>CM+AF+AR+CV+CC+BF+BB+SP+DO+BO</Command>

  <Workspace>
    <WorkspacePath>MD</WorkspacePath>
    <Geodatabase>Sentinel2_Imagery</Geodatabase>
      <MosaicDataset>
      <MosaicDatasetType>Source</MosaicDatasetType>
        <Name>S_Sentinel2_MS</Name>
      <SRS>PROJCS['WGS_1984_Web_Mercator_Auxiliary_Sphere',GEOGCS['GCS_WGS_1984',DATUM['D_WGS_1984',SPHEROID['WGS_1984',6378137.0,298.257223563]],PRIMEM['Greenwich',0.0],UNIT['Degree',0.0174532925199433]],PROJECTION['Mercator_Auxiliary_Sphere'],PARAMETER['False_Easting',0.0],PARAMETER['False_Northing',0.0],PARAMETER['Central_Meridian',0.0],PARAMETER['Standard_Parallel_1',0.0],PARAMETER['Auxiliary_Sphere_Type',0.0],UNIT['Meter',1.0]];-20037700 -30241100 10000;-100000 10000;-100000 10000;0.001;0.001;0.001;IsHighPrecision</SRS>
      <num_bands>13</num_bands>
      <pixel_type>16_BIT_UNSIGNED</pixel_type>
	  <product_definition>SENTINEL2_13BANDS</product_definition>
      <product_band_definitions>B1 433 453;B2 458 522;B3 543 577;B4 650 680;B5 698 712;B6 733 747;B7 773 793;B8 784 899;B8A 855 875;B9 935 955;B10 1360 1390;B11 1565 1655;B12 2100 2280</product_band_definitions>
        <AddRasters> 
         <AddRaster>	   
          <dataset_id>Sentinel2</dataset_id>
          <raster_type>Sentinel2_MS.art.xml</raster_type>
          <Sources>
            <data_path>r:\Portland\Sentinel2</data_path>
          </Sources>

	        <update_cellsize_ranges>NO_CELL_SIZES</update_cellsize_ranges>
          <update_boundary>NO_BOUNDARY</update_boundary>
         </AddRaster>
        </AddRasters> 
        <DefaultProperties>
          <max_num_per_mosaic>50</max_num_per_mosaic>
          <rows_maximum_imagesize>4000</rows_maximum_imagesize>
          <columns_maximum_imagesize>4000</columns_maximum_imagesize>
          <allowed_compressions>LZ77;NONE;LERC;JPEG</allowed_compressions>
          <default_compression_type>LZ77</default_compression_type>
          <JPEG_quality>85</JPEG_quality>
	  <resampling_type>BILINEAR</resampling_type>
	  <LERC_Tolerance>0.01</LERC_Tolerance>
          <clip_to_footprints>CLIP</clip_to_footprints>
          <clip_to_boundary>NOT_CLIP</clip_to_boundary>
	  <color_correction>NOT_APPLY</color_correction>
	  <footprints_may_contain_nodata>FOOTPRINTS_DO_NOT_CONTAIN_NODATA</footprints_may_contain_nodata>
	  <allowed_mensuration_capabilities>BASIC;Base-Top Height;Base-Top Shadow Height;Top-Top Shadow Height;3D</allowed_mensuration_capabilities>
	  <default_mensuration_capabilities>BASIC</default_mensuration_capabilities>
	  <allowed_mosaic_methods>ByAttribute;Seamline;NorthWest;Center;LockRaster;Nadir;Viewpoint;None</allowed_mosaic_methods>
          <default_mosaic_method>ByAttribute</default_mosaic_method>
          <order_field>AcquisitionDate</order_field>  
	  <order_base>2050/1/1</order_base>
	  <sorting_order>Ascending</sorting_order>
	  <mosaic_operator>FIRST</mosaic_operator>
	  <blend_width>10</blend_width>
	  <view_point_x>300</view_point_x>
	  <view_point_y>300</view_point_y>
	  <max_num_per_mosaic>50</max_num_per_mosaic>
	  <cell_size_tolerance>0.8</cell_size_tolerance>
	  <cell_size>#</cell_size>
	  <metadata_level>BASIC</metadata_level>
      <transmission_fields>Name;MinPS;MaxPS;LowPS;HighPS;ProductName;AcquisitionDate;SunAzimuth;SensorName;SunElevation;CloudCover</transmission_fields>
	  <use_time>DISABLED</use_time>
	  <start_time_field>AcquisitionDate</start_time_field>
	  <end_time_field>AcquisitionDate</end_time_field>
	  <time_format>#</time_format>
	  <geographic_transform>#</geographic_transform>
	  <max_num_of_download_items>50</max_num_of_download_items>
	  <max_num_of_records_returned>2000</max_num_of_records_returned>
	  	  <processing_templates>Sentinel2_Agriculture_with_DRA.rft.xml;Sentinel2_Bathymetric_with_DRA.rft.xml;Sentinel2_Color_Infrared_with_DRA.rft.xml;Sentinel2_Geology_with_DRA.rft.xml;Sentinel2_Natural_Color_with_DRA.rft.xml;Sentinel2_NDVI.rft.xml;Sentinel2_NDVI_Raw.rft.xml;None</processing_templates>
	  <default_processing_template>Sentinel2_Agriculture_with_DRA.rft.xml</default_processing_template>
        </DefaultProperties>
         <Table>
          <AddFields>AddFields</AddFields>
          <Fields>
            <Field>
              <Name>Dataset_ID</Name>
              <Type>TEXT</Type>
              <Length>32</Length>
            </Field>
			 
          </Fields>
         </Table>
	  <Processes>
		<CalculateCellSizeRanges>
			<where_clause></where_clause>
			<do_compute_min>NO_MIN_CELL_SIZES</do_compute_min>
			<do_compute_max>NO_MAX_CELL_SIZES</do_compute_max>
			<max_range_factor>10</max_range_factor>
			<cell_size_tolerance_factor>0.8</cell_size_tolerance_factor>
			<update_missing_only>UPDATE_ALL</update_missing_only>
		</CalculateCellSizeRanges>
        <BuildFootprint>
			<max_data_value>20000</max_data_value>
			<min_data_value>1</min_data_value>
			<approx_num_vertices>20</approx_num_vertices>
			<update_boundary>NO_BOUNDARY</update_boundary>
			<shrink_distance>600</shrink_distance>
		</BuildFootprint>
        <BuildBoundary>
			<simplification_method>ENVELOPE</simplification_method>
		</BuildBoundary>
        <BuildOverviews>
			<define_missing_tiles>NO_DEFINE_MISSING_TILES</define_missing_tiles>
			<generate_overviews>GENERATE_OVERVIEWS</generate_overviews>
		</BuildOverviews>		
        <DefineOverviews>
			<pixel_size>75</pixel_size>
			<overview_factor>2</overview_factor>
			<resampling_method>BILINEAR</resampling_method>
			<compression_method>JPEG</compression_method>
			<compression_quality>85</compression_quality>
		</DefineOverviews>
 
        <CalculateValues>

         <CalculateValue>
		  <FieldName>MinPS</FieldName>
 		  <Expression>0</Expression>
	  </CalculateValue>
         <CalculateValue>
		  <FieldName>MaxPS</FieldName>
		  <Expression>75</Expression>
	  </CalculateValue>
         <CalculateValue>
		  <FieldName>LowPS</FieldName>
		  <Expression>10</Expression>
	  </CalculateValue>
	</CalculateValues>

	 <Environment>
	 <parallelProcessingFactor>4</parallelProcessingFactor>
        </Environment>
       </Processes>
	
      </MosaicDataset>
  </Workspace>
</Application>
